t,sine,triangle,sawtooth,noise
0.000,0.0000,1.5000,-1.0000,-0.5271
0.010,0.0367,1.4718,-0.9832,-0.2615
0.020,0.0733,1.4436,-0.9664,0.0085
0.030,0.1099,1.4154,-0.9496,0.4098
0.040,0.1465,1.3872,-0.9328,-0.8989
0.050,0.1831,1.3590,-0.9160,-0.2610
0.060,0.2196,1.3308,-0.8992,0.5495
0.070,0.2561,1.3026,-0.8824,0.1124
0.080,0.2925,1.2744,-0.8656,-0.9670
0.090,0.3289,1.2462,-0.8488,0.2785
0.100,0.3652,1.2180,-0.8320,-0.4991
0.110,0.4014,1.1898,-0.8152,-0.1552
0.120,0.4376,1.1616,-0.7984,0.1814
0.130,0.4736,1.1334,-0.7816,0.6739
0.140,0.5095,1.1052,-0.7648,-0.5298
0.150,0.5454,1.0770,-0.7480,0.9617
0.160,0.5811,1.0488,-0.7312,0.7218
0.170,0.6167,1.0206,-0.7144,-0.3462
0.180,0.6521,0.9924,-0.6976,0.3652
0.190,0.6874,0.9642,-0.6808,0.0629
0.200,0.7226,0.9360,-0.6640,-0.5681
0.210,0.7576,0.9078,-0.6472,-0.7909
0.220,0.7924,0.8796,-0.6304,-0.8589
0.230,0.8271,0.8514,-0.6136,-0.3622
0.240,0.8616,0.8232,-0.5968,-0.7404
0.250,0.8959,0.7950,-0.5800,0.4145
0.260,0.9300,0.7668,-0.5632,0.1658
0.270,0.9640,0.7386,-0.5464,-0.2414
0.280,0.9977,0.7104,-0.5296,-0.4741
0.290,1.0312,0.6822,-0.5128,0.5018
0.300,1.0644,0.6540,-0.4960,0.8614
0.310,1.0975,0.6258,-0.4792,-0.6455
0.320,1.1303,0.5976,-0.4624,-0.3317
0.330,1.1629,0.5694,-0.4456,0.9665
0.340,1.1952,0.5412,-0.4288,-0.2228
0.350,1.2273,0.5130,-0.4120,0.0961
0.360,1.2591,0.4848,-0.3952,-0.0678
0.370,1.2906,0.4566,-0.3784,0.9887
0.380,1.3218,0.4284,-0.3616,0.7501
0.390,1.3528,0.4002,-0.3448,0.4228
0.400,1.3835,0.3720,-0.3280,0.9155
0.410,1.4139,0.3438,-0.3112,0.9500
0.420,1.4439,0.3156,-0.2944,-0.6901
0.430,1.4737,0.2874,-0.2776,-0.2554
0.440,1.5031,0.2592,-0.2608,0.3723
0.450,1.5323,0.2310,-0.2440,-0.6729
0.460,1.5611,0.2028,-0.2272,-0.0156
0.470,1.5895,0.1746,-0.2104,-0.6522
0.480,1.6176,0.1464,-0.1936,0.1842
0.490,1.6454,0.1182,-0.1768,0.7437
0.500,1.6728,0.0900,-0.1600,-0.3387
0.510,1.6999,0.0618,-0.1432,-0.9616
0.520,1.7266,0.0336,-0.1264,0.9021
0.530,1.7529,0.0054,-0.1096,-0.5383
0.540,1.7788,-0.0228,-0.0928,0.6631
0.550,1.8044,-0.0510,-0.0760,-0.9482
0.560,1.8296,-0.0792,-0.0592,-0.2323
0.570,1.8544,-0.1074,-0.0424,-0.9065
0.580,1.8787,-0.1356,-0.0256,-0.3090
0.590,1.9027,-0.1638,-0.0088,-0.7377
0.600,1.9263,-0.1920,0.0080,0.6193
0.610,1.9494,-0.2202,0.0248,-0.1842
0.620,1.9722,-0.2484,0.0416,-0.7054
0.630,1.9945,-0.2766,0.0584,0.2220
0.640,2.0164,-0.3048,0.0752,0.5886
0.650,2.0378,-0.3330,0.0920,0.8667
0.660,2.0588,-0.3612,0.1088,-0.9777
0.670,2.0794,-0.3894,0.1256,-0.9386
0.680,2.0995,-0.4176,0.1424,0.9950
0.690,2.1192,-0.4458,0.1592,0.6076
0.700,2.1384,-0.4740,0.1760,-0.0893
0.710,2.1572,-0.5022,0.1928,-0.2172
0.720,2.1755,-0.5304,0.2096,0.3434
0.730,2.1933,-0.5586,0.2264,0.9305
0.740,2.2106,-0.5868,0.2432,0.4673
0.750,2.2275,-0.6150,0.2600,-0.0234
0.760,2.2439,-0.6432,0.2768,-0.1687
0.770,2.2598,-0.6714,0.2936,-0.7079
0.780,2.2753,-0.6996,0.3104,0.8042
0.790,2.2902,-0.7278,0.3272,0.4939
0.800,2.3047,-0.7560,0.3440,0.2725
0.810,2.3186,-0.7842,0.3608,0.1563
0.820,2.3321,-0.8124,0.3776,0.0780
0.830,2.3450,-0.8406,0.3944,-0.8955
0.840,2.3575,-0.8688,0.4112,-0.1571
0.850,2.3694,-0.8970,0.4280,0.1267
0.860,2.3809,-0.9252,0.4448,0.8927
0.870,2.3918,-0.9534,0.4616,-0.3273
0.880,2.4022,-0.9816,0.4784,0.5543
0.890,2.4121,-1.0098,0.4952,-0.4516
0.900,2.4215,-1.0380,0.5120,0.8221
0.910,2.4303,-1.0662,0.5288,0.8825
0.920,2.4386,-1.0944,0.5456,-0.1359
0.930,2.4465,-1.1226,0.5624,-0.1366
0.940,2.4537,-1.1508,0.5792,-0.2932
0.950,2.4605,-1.1790,0.5960,-0.9581
0.960,2.4667,-1.2072,0.6128,0.3247
0.970,2.4724,-1.2354,0.6296,0.4979
0.980,2.4776,-1.2636,0.6464,-0.1162
0.990,2.4822,-1.2918,0.6632,-0.0006
1.000,2.4863,-1.3200,0.6800,0.6812
1.010,2.4899,-1.3482,0.6968,-0.4352
1.020,2.4929,-1.3764,0.7136,-0.9968
1.030,2.4954,-1.4046,0.7304,-0.2977
1.040,2.4973,-1.4328,0.7472,0.3220
1.050,2.4988,-1.4610,0.7640,-0.8383
1.060,2.4996,-1.4892,0.7808,-0.4105
1.070,2.5000,-1.4826,0.7976,-0.5701
1.080,2.4998,-1.4544,0.8144,-0.5107
1.090,2.4991,-1.4262,0.8312,0.5456
1.100,2.4978,-1.3980,0.8480,0.0030
1.110,2.4960,-1.3698,0.8648,0.2305
1.120,2.4937,-1.3416,0.8816,0.1559
1.130,2.4908,-1.3134,0.8984,0.9662
1.140,2.4874,-1.2852,0.9152,-0.0417
1.150,2.4834,-1.2570,0.9320,-0.4045
1.160,2.4790,-1.2288,0.9488,0.9741
1.170,2.4739,-1.2006,0.9656,0.4387
1.180,2.4684,-1.1724,0.9824,0.2552
1.190,2.4623,-1.1442,0.9992,-0.0988
1.200,2.4557,-1.1160,-0.9840,0.2027
1.210,2.4486,-1.0878,-0.9672,-0.7634
1.220,2.4409,-1.0596,-0.9504,0.8786
1.230,2.4327,-1.0314,-0.9336,0.6489
1.240,2.4240,-1.0032,-0.9168,-0.9805
1.250,2.4148,-0.9750,-0.9000,-0.6127
1.260,2.4051,-0.9468,-0.8832,0.1247
1.270,2.3948,-0.9186,-0.8664,-0.9646
1.280,2.3840,-0.8904,-0.8496,0.1242
1.290,2.3727,-0.8622,-0.8328,-0.0496
1.300,2.3609,-0.8340,-0.8160,-0.0922
1.310,2.3486,-0.8058,-0.7992,-0.1152
1.320,2.3358,-0.7776,-0.7824,-0.9610
1.330,2.3225,-0.7494,-0.7656,0.3606
1.340,2.3087,-0.7212,-0.7488,0.9058
1.350,2.2944,-0.6930,-0.7320,0.4727
1.360,2.2796,-0.6648,-0.7152,0.0125
1.370,2.2643,-0.6366,-0.6984,0.6165
1.380,2.2485,-0.6084,-0.6816,-0.3009
1.390,2.2323,-0.5802,-0.6648,0.2746
1.400,2.2155,-0.5520,-0.6480,0.9333
1.410,2.1983,-0.5238,-0.6312,-0.4043
1.420,2.1806,-0.4956,-0.6144,0.5606
1.430,2.1624,-0.4674,-0.5976,0.1690
1.440,2.1438,-0.4392,-0.5808,0.1598
1.450,2.1247,-0.4110,-0.5640,-0.7210
1.460,2.1052,-0.3828,-0.5472,-0.9484
1.470,2.0852,-0.3546,-0.5304,0.1268
1.480,2.0648,-0.3264,-0.5136,0.6720
1.490,2.0439,-0.2982,-0.4968,-0.8364
1.500,2.0225,-0.2700,-0.4800,-0.9184
1.510,2.0008,-0.2418,-0.4632,0.9191
1.520,1.9786,-0.2136,-0.4464,-0.5477
1.530,1.9560,-0.1854,-0.4296,-0.3535
1.540,1.9329,-0.1572,-0.4128,-0.4138
1.550,1.9095,-0.1290,-0.3960,-0.1278
1.560,1.8856,-0.1008,-0.3792,0.5006
1.570,1.8614,-0.0726,-0.3624,-0.3390
1.580,1.8367,-0.0444,-0.3456,-0.5190
1.590,1.8116,-0.0162,-0.3288,-0.7954
1.600,1.7862,0.0120,-0.3120,0.3904
1.610,1.7603,0.0402,-0.2952,0.3453
1.620,1.7341,0.0684,-0.2784,0.0467
1.630,1.7075,0.0966,-0.2616,-0.0262
1.640,1.6806,0.1248,-0.2448,-0.2273
1.650,1.6533,0.1530,-0.2280,-0.9736
1.660,1.6256,0.1812,-0.2112,0.4030
1.670,1.5976,0.2094,-0.1944,-0.8336
1.680,1.5692,0.2376,-0.1776,0.7327
1.690,1.5405,0.2658,-0.1608,0.2989
1.700,1.5115,0.2940,-0.1440,0.2253
1.710,1.4821,0.3222,-0.1272,-0.0379
1.720,1.4525,0.3504,-0.1104,0.4069
1.730,1.4225,0.3786,-0.0936,-0.5183
1.740,1.3922,0.4068,-0.0768,0.3629
1.750,1.3616,0.4350,-0.0600,-0.2978
1.760,1.3307,0.4632,-0.0432,-0.2342
1.770,1.2995,0.4914,-0.0264,0.2317
1.780,1.2681,0.5196,-0.0096,0.5133
1.790,1.2364,0.5478,0.0072,0.5953
1.800,1.2044,0.5760,0.0240,0.9691
1.810,1.1721,0.6042,0.0408,0.5985
1.820,1.1396,0.6324,0.0576,-0.3903
1.830,1.1069,0.6606,0.0744,0.6895
1.840,1.0739,0.6888,0.0912,-0.8010
1.850,1.0407,0.7170,0.1080,0.2979
1.860,1.0073,0.7452,0.1248,-0.9228
1.870,0.9736,0.7734,0.1416,-0.8555
1.880,0.9398,0.8016,0.1584,-0.6210
1.890,0.9057,0.8298,0.1752,0.4895
1.900,0.8714,0.8580,0.1920,-0.3851
1.910,0.8370,0.8862,0.2088,0.3330
1.920,0.8024,0.9144,0.2256,0.6832
1.930,0.7676,0.9426,0.2424,-0.1647
1.940,0.7326,0.9708,0.2592,0.6592
1.950,0.6975,0.9990,0.2760,-0.1963
1.960,0.6622,1.0272,0.2928,0.2428
1.970,0.6268,1.0554,0.3096,-0.8751
1.980,0.5912,1.0836,0.3264,0.1854
1.990,0.5556,1.1118,0.3432,-0.3628
2.000,0.5198,1.1400,0.3600,-0.0437
2.010,0.4839,1.1682,0.3768,-0.7555
2.020,0.4479,1.1964,0.3936,-0.9969
2.030,0.4118,1.2246,0.4104,-0.7750
2.040,0.3756,1.2528,0.4272,0.8097
2.050,0.3393,1.2810,0.4440,-0.2258
2.060,0.3029,1.3092,0.4608,0.2022
2.070,0.2665,1.3374,0.4776,0.0043
2.080,0.2301,1.3656,0.4944,-0.3880
2.090,0.1935,1.3938,0.5112,-0.0074
2.100,0.1570,1.4220,0.5280,0.9052
2.110,0.1204,1.4502,0.5448,-0.8212
2.120,0.0838,1.4784,0.5616,-0.4460
2.130,0.0471,1.4934,0.5784,0.5717
2.140,0.0105,1.4652,0.5952,-0.0169
2.150,-0.0262,1.4370,0.6120,-0.0431
2.160,-0.0628,1.4088,0.6288,0.4946
2.170,-0.0995,1.3806,0.6456,0.7419
2.180,-0.1361,1.3524,0.6624,-0.1103
2.190,-0.1727,1.3242,0.6792,0.3390
2.200,-0.2092,1.2960,0.6960,-0.6174
2.210,-0.2457,1.2678,0.7128,0.2089
2.220,-0.2821,1.2396,0.7296,-0.7283
2.230,-0.3185,1.2114,0.7464,0.9852
2.240,-0.3548,1.1832,0.7632,-0.2812
2.250,-0.3911,1.1550,0.7800,-0.3957
2.260,-0.4272,1.1268,0.7968,-0.4900
2.270,-0.4633,1.0986,0.8136,-0.8069
2.280,-0.4993,1.0704,0.8304,-0.5337
2.290,-0.5351,1.0422,0.8472,-0.2497
2.300,-0.5709,1.0140,0.8640,0.8499
2.310,-0.6065,0.9858,0.8808,0.5200
2.320,-0.6420,0.9576,0.8976,-0.6864
2.330,-0.6773,0.9294,0.9144,0.5199
2.340,-0.7125,0.9012,0.9312,0.2741
2.350,-0.7476,0.8730,0.9480,0.0773
2.360,-0.7825,0.8448,0.9648,-0.3025
2.370,-0.8172,0.8166,0.9816,0.5749
2.380,-0.8518,0.7884,0.9984,-0.2231
2.390,-0.8861,0.7602,-0.9848,0.0306
2.400,-0.9203,0.7320,-0.9680,-0.5075
2.410,-0.9543,0.7038,-0.9512,-0.2390
2.420,-0.9881,0.6756,-0.9344,0.1953
2.430,-1.0216,0.6474,-0.9176,0.3366
2.440,-1.0550,0.6192,-0.9008,-0.2282
2.450,-1.0881,0.5910,-0.8840,0.4429
2.460,-1.1210,0.5628,-0.8672,0.2520
2.470,-1.1536,0.5346,-0.8504,0.2468
2.480,-1.1860,0.5064,-0.8336,0.5476
2.490,-1.2181,0.4782,-0.8168,0.5607
2.500,-1.2500,0.4500,-0.8000,0.9685
2.510,-1.2816,0.4218,-0.7832,0.6104
2.520,-1.3129,0.3936,-0.7664,0.8953
2.530,-1.3440,0.3654,-0.7496,-0.3133
2.540,-1.3747,0.3372,-0.7328,0.1031
2.550,-1.4052,0.3090,-0.7160,-0.4928
2.560,-1.4354,0.2808,-0.6992,-0.6307
2.570,-1.4652,0.2526,-0.6824,-0.1327
2.580,-1.4948,0.2244,-0.6656,-0.2295
2.590,-1.5240,0.1962,-0.6488,0.2419
2.600,-1.5529,0.1680,-0.6320,0.1162
2.610,-1.5814,0.1398,-0.6152,-0.4724
2.620,-1.6096,0.1116,-0.5984,0.8998
2.630,-1.6375,0.0834,-0.5816,-0.7687
2.640,-1.6650,0.0552,-0.5648,0.5908
2.650,-1.6922,0.0270,-0.5480,-0.7770
2.660,-1.7190,-0.0012,-0.5312,0.6859
2.670,-1.7454,-0.0294,-0.5144,-0.1859
2.680,-1.7715,-0.0576,-0.4976,-0.7174
2.690,-1.7971,-0.0858,-0.4808,0.5170
2.700,-1.8224,-0.1140,-0.4640,-0.3081
2.710,-1.8473,-0.1422,-0.4472,0.5176
2.720,-1.8718,-0.1704,-0.4304,0.3577
2.730,-1.8959,-0.1986,-0.4136,-0.2324
2.740,-1.9196,-0.2268,-0.3968,-0.2421
2.750,-1.9429,-0.2550,-0.3800,0.8092
2.760,-1.9657,-0.2832,-0.3632,0.6237
2.770,-1.9882,-0.3114,-0.3464,-0.8970
2.780,-2.0102,-0.3396,-0.3296,0.3726
2.790,-2.0317,-0.3678,-0.3128,-0.1338
2.800,-2.0529,-0.3960,-0.2960,0.7223
2.810,-2.0736,-0.4242,-0.2792,-0.6322
2.820,-2.0938,-0.4524,-0.2624,-0.3357
2.830,-2.1136,-0.4806,-0.2456,0.3943
2.840,-2.1330,-0.5088,-0.2288,0.9574
2.850,-2.1519,-0.5370,-0.2120,0.3216
2.860,-2.1703,-0.5652,-0.1952,0.6669
2.870,-2.1882,-0.5934,-0.1784,0.0261
2.880,-2.2057,-0.6216,-0.1616,0.6634
2.890,-2.2227,-0.6498,-0.1448,-0.1293
2.900,-2.2393,-0.6780,-0.1280,0.0179
2.910,-2.2553,-0.7062,-0.1112,-0.6688
2.920,-2.2709,-0.7344,-0.0944,0.5219
2.930,-2.2860,-0.7626,-0.0776,0.6134
2.940,-2.3006,-0.7908,-0.0608,0.7443
2.950,-2.3147,-0.8190,-0.0440,-0.0317
2.960,-2.3283,-0.8472,-0.0272,-0.2693
2.970,-2.3414,-0.8754,-0.0104,0.4829
2.980,-2.3540,-0.9036,0.0064,-0.7076
2.990,-2.3661,-0.9318,0.0232,-0.9881
3.000,-2.3776,-0.9600,0.0400,0.4333
3.010,-2.3887,-0.9882,0.0568,0.7647
3.020,-2.3993,-1.0164,0.0736,-0.5419
3.030,-2.4093,-1.0446,0.0904,-0.0168
3.040,-2.4188,-1.0728,0.1072,0.3144
3.050,-2.4278,-1.1010,0.1240,-0.7255
3.060,-2.4363,-1.1292,0.1408,0.3735
3.070,-2.4443,-1.1574,0.1576,-0.3817
3.080,-2.4517,-1.1856,0.1744,0.7671
3.090,-2.4586,-1.2138,0.1912,0.9740
3.100,-2.4650,-1.2420,0.2080,0.2076
3.110,-2.4708,-1.2702,0.2248,-0.0968
3.120,-2.4762,-1.2984,0.2416,0.5396
3.130,-2.4809,-1.3266,0.2584,0.8080
3.140,-2.4852,-1.3548,0.2752,-0.2658
3.150,-2.4889,-1.3830,0.2920,-0.5921
3.160,-2.4921,-1.4112,0.3088,-0.7346
3.170,-2.4947,-1.4394,0.3256,0.0436
3.180,-2.4968,-1.4676,0.3424,0.4272
3.190,-2.4984,-1.4958,0.3592,0.4506
3.200,-2.4995,-1.4760,0.3760,-0.2141
3.210,-2.5000,-1.4478,0.3928,-0.1081
3.220,-2.4999,-1.4196,0.4096,0.2359
3.230,-2.4993,-1.3914,0.4264,-0.8766
3.240,-2.4982,-1.3632,0.4432,0.6690
3.250,-2.4966,-1.3350,0.4600,0.6955
3.260,-2.4944,-1.3068,0.4768,0.6993
3.270,-2.4917,-1.2786,0.4936,-0.2899
3.280,-2.4884,-1.2504,0.5104,0.8321
3.290,-2.4846,-1.2222,0.5272,-0.5400
3.300,-2.4803,-1.1940,0.5440,-0.4460
3.310,-2.4754,-1.1658,0.5608,-0.4717
3.320,-2.4700,-1.1376,0.5776,0.6744
3.330,-2.4641,-1.1094,0.5944,-0.9864
3.340,-2.4577,-1.0812,0.6112,-0.5074
3.350,-2.4507,-1.0530,0.6280,0.7264
3.360,-2.4432,-1.0248,0.6448,0.6254
3.370,-2.4351,-0.9966,0.6616,0.5749
3.380,-2.4266,-0.9684,0.6784,0.2289
3.390,-2.4175,-0.9402,0.6952,0.0669
3.400,-2.4079,-0.9120,0.7120,0.5158
3.410,-2.3978,-0.8838,0.7288,0.0094
3.420,-2.3872,-0.8556,0.7456,-0.4744
3.430,-2.3760,-0.8274,0.7624,0.2271
3.440,-2.3644,-0.7992,0.7792,-0.3237
3.450,-2.3522,-0.7710,0.7960,0.5574
3.460,-2.3395,-0.7428,0.8128,-0.6584
3.470,-2.3264,-0.7146,0.8296,0.6493
3.480,-2.3127,-0.6864,0.8464,0.1722
3.490,-2.2985,-0.6582,0.8632,-0.6863
3.500,-2.2839,-0.6300,0.8800,-0.2456
3.510,-2.2687,-0.6018,0.8968,0.4702
3.520,-2.2531,-0.5736,0.9136,0.0778
3.530,-2.2369,-0.5454,0.9304,-0.7600
3.540,-2.2203,-0.5172,0.9472,-0.1856
3.550,-2.2033,-0.4890,0.9640,0.5619
3.560,-2.1857,-0.4608,0.9808,0.1993
3.570,-2.1677,-0.4326,0.9976,0.9929
3.580,-2.1492,-0.4044,-0.9856,0.9866
3.590,-2.1302,-0.3762,-0.9688,0.2164
3.600,-2.1108,-0.3480,-0.9520,0.1501
3.610,-2.0910,-0.3198,-0.9352,-0.6540
3.620,-2.0706,-0.2916,-0.9184,-0.6630
3.630,-2.0499,-0.2634,-0.9016,0.5022
3.640,-2.0287,-0.2352,-0.8848,0.1867
3.650,-2.0070,-0.2070,-0.8680,-0.5095
3.660,-1.9850,-0.1788,-0.8512,-0.8809
3.670,-1.9625,-0.1506,-0.8344,0.8276
3.680,-1.9396,-0.1224,-0.8176,-0.2899
3.690,-1.9162,-0.0942,-0.8008,0.9932
3.700,-1.8925,-0.0660,-0.7840,0.9171
3.710,-1.8683,-0.0378,-0.7672,-0.2608
3.720,-1.8438,-0.0096,-0.7504,-0.1603
3.730,-1.8188,0.0186,-0.7336,-0.3062
3.740,-1.7935,0.0468,-0.7168,0.0017
3.750,-1.7678,0.0750,-0.7000,-0.5113
3.760,-1.7417,0.1032,-0.6832,-0.0341
3.770,-1.7152,0.1314,-0.6664,0.3232
3.780,-1.6883,0.1596,-0.6496,-0.9441
3.790,-1.6611,0.1878,-0.6328,0.3983
3.800,-1.6336,0.2160,-0.6160,0.6867
3.810,-1.6056,0.2442,-0.5992,-0.8756
3.820,-1.5774,0.2724,-0.5824,-0.0749
3.830,-1.5488,0.3006,-0.5656,-0.4442
3.840,-1.5198,0.3288,-0.5488,0.0365
3.850,-1.4906,0.3570,-0.5320,0.2550
3.860,-1.4610,0.3852,-0.5152,-0.4505
3.870,-1.4311,0.4134,-0.4984,0.8718
3.880,-1.4009,0.4416,-0.4816,0.4109
3.890,-1.3704,0.4698,-0.4648,0.2557
3.900,-1.3396,0.4980,-0.4480,-0.2656
3.910,-1.3085,0.5262,-0.4312,0.0287
3.920,-1.2771,0.5544,-0.4144,0.0961
3.930,-1.2455,0.5826,-0.3976,-0.6363
3.940,-1.2136,0.6108,-0.3808,0.9142
3.950,-1.1814,0.6390,-0.3640,0.3539
3.960,-1.1489,0.6672,-0.3472,-0.1927
3.970,-1.1163,0.6954,-0.3304,0.9535
3.980,-1.0834,0.7236,-0.3136,0.5673
3.990,-1.0502,0.7518,-0.2968,0.1483
4.000,-1.0168,0.7800,-0.2800,-0.8563
4.010,-0.9833,0.8082,-0.2632,0.8852
4.020,-0.9494,0.8364,-0.2464,-0.5627
4.030,-0.9154,0.8646,-0.2296,0.5006
4.040,-0.8812,0.8928,-0.2128,0.3651
4.050,-0.8468,0.9210,-0.1960,-0.9571
4.060,-0.8123,0.9492,-0.1792,-0.7827
4.070,-0.7775,0.9774,-0.1624,-0.8802
4.080,-0.7426,1.0056,-0.1456,-0.6023
4.090,-0.7075,1.0338,-0.1288,-0.1560
4.100,-0.6723,1.0620,-0.1120,-0.1469
4.110,-0.6369,1.0902,-0.0952,0.2155
4.120,-0.6014,1.1184,-0.0784,0.4743
4.130,-0.5658,1.1466,-0.0616,0.9994
4.140,-0.5300,1.1748,-0.0448,-0.8778
4.150,-0.4941,1.2030,-0.0280,0.9598
4.160,-0.4582,1.2312,-0.0112,-0.6845
4.170,-0.4221,1.2594,0.0056,0.3081
4.180,-0.3859,1.2876,0.0224,-0.3563
4.190,-0.3497,1.3158,0.0392,-0.4409
4.200,-0.3133,1.3440,0.0560,0.2582
4.210,-0.2769,1.3722,0.0728,0.7655
4.220,-0.2405,1.4004,0.0896,0.9771
4.230,-0.2040,1.4286,0.1064,0.4693
4.240,-0.1674,1.4568,0.1232,-0.7623
4.250,-0.1308,1.4850,0.1400,0.7674
4.260,-0.0942,1.4868,0.1568,0.9645
4.270,-0.0576,1.4586,0.1736,0.7846
4.280,-0.0209,1.4304,0.1904,-0.9702
4.290,0.0157,1.4022,0.2072,0.6918
4.300,0.0524,1.3740,0.2240,0.9731
4.310,0.0890,1.3458,0.2408,0.3313
4.320,0.1256,1.3176,0.2576,-0.3420
4.330,0.1622,1.2894,0.2744,-0.3623
4.340,0.1988,1.2612,0.2912,0.1951
4.350,0.2353,1.2330,0.3080,0.4980
4.360,0.2717,1.2048,0.3248,-0.6256
4.370,0.3081,1.1766,0.3416,0.6040
4.380,0.3445,1.1484,0.3584,0.6599
4.390,0.3807,1.1202,0.3752,-0.6666
4.400,0.4169,1.0920,0.3920,0.1176
4.410,0.4530,1.0638,0.4088,0.8895
4.420,0.4890,1.0356,0.4256,-0.8847
4.430,0.5249,1.0074,0.4424,0.9430
4.440,0.5607,0.9792,0.4592,-0.1435
4.450,0.5963,0.9510,0.4760,0.9937
4.460,0.6319,0.9228,0.4928,0.4347
4.470,0.6673,0.8946,0.5096,-0.2846
4.480,0.7025,0.8664,0.5264,0.7246
4.490,0.7376,0.8382,0.5432,-0.1979
4.500,0.7725,0.8100,0.5600,-0.2944
4.510,0.8073,0.7818,0.5768,0.4111
4.520,0.8419,0.7536,0.5936,0.3517
4.530,0.8763,0.7254,0.6104,0.3350
4.540,0.9106,0.6972,0.6272,0.6555
4.550,0.9446,0.6690,0.6440,-0.3579
4.560,0.9784,0.6408,0.6608,0.2988
4.570,1.0121,0.6126,0.6776,0.8425
4.580,1.0455,0.5844,0.6944,0.5731
4.590,1.0786,0.5562,0.7112,0.7772
4.600,1.1116,0.5280,0.7280,0.0036
4.610,1.1443,0.4998,0.7448,0.5261
4.620,1.1768,0.4716,0.7616,0.3787
4.630,1.2090,0.4434,0.7784,0.8008
4.640,1.2409,0.4152,0.7952,-0.8590
4.650,1.2726,0.3870,0.8120,-0.3310
4.660,1.3040,0.3588,0.8288,-0.9978
4.670,1.3351,0.3306,0.8456,0.1593
4.680,1.3660,0.3024,0.8624,-0.1936
4.690,1.3965,0.2742,0.8792,0.4555
4.700,1.4268,0.2460,0.8960,-0.2768
4.710,1.4567,0.2178,0.9128,-0.8759
4.720,1.4864,0.1896,0.9296,0.4275
4.730,1.5157,0.1614,0.9464,-0.7393
4.740,1.5446,0.1332,0.9632,0.6307
4.750,1.5733,0.1050,0.9800,0.7041
4.760,1.6016,0.0768,0.9968,-0.1889
4.770,1.6296,0.0486,-0.9864,-0.3066
4.780,1.6572,0.0204,-0.9696,-0.1419
4.790,1.6845,-0.0078,-0.9528,0.6376
4.800,1.7114,-0.0360,-0.9360,0.2300
4.810,1.7379,-0.0642,-0.9192,0.1707
4.820,1.7641,-0.0924,-0.9024,0.7500
4.830,1.7898,-0.1206,-0.8856,-0.5035
4.840,1.8152,-0.1488,-0.8688,0.9583
4.850,1.8402,-0.1770,-0.8520,0.3082
4.860,1.8649,-0.2052,-0.8352,0.6163
4.870,1.8891,-0.2334,-0.8184,0.4321
4.880,1.9129,-0.2616,-0.8016,0.1596
4.890,1.9363,-0.2898,-0.7848,0.9055
4.900,1.9592,-0.3180,-0.7680,-0.7686
4.910,1.9818,-0.3462,-0.7512,0.5954
4.920,2.0039,-0.3744,-0.7344,-0.4651
4.930,2.0256,-0.4026,-0.7176,0.8081
4.940,2.0469,-0.4308,-0.7008,-0.2673
4.950,2.0677,-0.4590,-0.6840,0.7621
4.960,2.0881,-0.4872,-0.6672,0.6368
4.970,2.1080,-0.5154,-0.6504,0.4287
4.980,2.1275,-0.5436,-0.6336,-0.9233
4.990,2.1465,-0.5718,-0.6168,0.1938
5.000,2.1651,-0.6000,-0.6000,0.2559
5.010,2.1832,-0.6282,-0.5832,0.2068
5.020,2.2008,-0.6564,-0.5664,-0.2926
5.030,2.2179,-0.6846,-0.5496,0.2675
5.040,2.2346,-0.7128,-0.5328,0.7857
5.050,2.2508,-0.7410,-0.5160,0.7899
5.060,2.2665,-0.7692,-0.4992,0.5939
5.070,2.2817,-0.7974,-0.4824,0.9033
5.080,2.2965,-0.8256,-0.4656,-0.0280
5.090,2.3107,-0.8538,-0.4488,0.2159
5.100,2.3244,-0.8820,-0.4320,0.2939
5.110,2.3377,-0.9102,-0.4152,0.3220
5.120,2.3504,-0.9384,-0.3984,0.9538
5.130,2.3627,-0.9666,-0.3816,-0.1210
5.140,2.3744,-0.9948,-0.3648,-0.8019
5.150,2.3856,-1.0230,-0.3480,-0.8350
5.160,2.3963,-1.0512,-0.3312,0.0011
5.170,2.4065,-1.0794,-0.3144,-0.4396
5.180,2.4162,-1.1076,-0.2976,0.6129
5.190,2.4253,-1.1358,-0.2808,0.5055
5.200,2.4339,-1.1640,-0.2640,-0.1437
5.210,2.4421,-1.1922,-0.2472,0.3043
5.220,2.4496,-1.2204,-0.2304,0.8373
5.230,2.4567,-1.2486,-0.2136,-0.2154
5.240,2.4632,-1.2768,-0.1968,-0.9144
5.250,2.4692,-1.3050,-0.1800,0.4208
5.260,2.4747,-1.3332,-0.1632,0.8898
5.270,2.4796,-1.3614,-0.1464,-0.7984
5.280,2.4840,-1.3896,-0.1296,0.3458
5.290,2.4879,-1.4178,-0.1128,0.3973
5.300,2.4912,-1.4460,-0.0960,-0.9572
5.310,2.4940,-1.4742,-0.0792,-0.4082
5.320,2.4963,-1.4976,-0.0624,0.9743
5.330,2.4980,-1.4694,-0.0456,0.9990
5.340,2.4992,-1.4412,-0.0288,-0.1813
5.350,2.4999,-1.4130,-0.0120,-0.6796
5.360,2.5000,-1.3848,0.0048,-0.1933
5.370,2.4996,-1.3566,0.0216,-0.6593
5.380,2.4986,-1.3284,0.0384,-0.3942
5.390,2.4971,-1.3002,0.0552,0.2264
5.400,2.4951,-1.2720,0.0720,0.6297
5.410,2.4925,-1.2438,0.0888,0.2100
5.420,2.4894,-1.2156,0.1056,-0.4499
5.430,2.4858,-1.1874,0.1224,-0.8539
5.440,2.4816,-1.1592,0.1392,-0.8252
5.450,2.4769,-1.1310,0.1560,0.4234
5.460,2.4716,-1.1028,0.1728,0.8774
5.470,2.4659,-1.0746,0.1896,0.0479
5.480,2.4596,-1.0464,0.2064,-0.9405
5.490,2.4527,-1.0182,0.2232,0.4981
5.500,2.4454,-0.9900,0.2400,0.3046
5.510,2.4375,-0.9618,0.2568,0.3099
5.520,2.4291,-0.9336,0.2736,0.5817
5.530,2.4202,-0.9054,0.2904,0.4182
5.540,2.4107,-0.8772,0.3072,-0.3055
5.550,2.4007,-0.8490,0.3240,-0.8291
5.560,2.3903,-0.8208,0.3408,0.7743
5.570,2.3793,-0.7926,0.3576,0.7787
5.580,2.3677,-0.7644,0.3744,0.6110
5.590,2.3557,-0.7362,0.3912,0.8873
5.600,2.3432,-0.7080,0.4080,-0.3752
5.610,2.3302,-0.6798,0.4248,-0.9132
5.620,2.3166,-0.6516,0.4416,0.9311
5.630,2.3026,-0.6234,0.4584,-0.3749
5.640,2.2881,-0.5952,0.4752,-0.1310
5.650,2.2731,-0.5670,0.4920,-0.4959
5.660,2.2576,-0.5388,0.5088,-0.8303
5.670,2.2416,-0.5106,0.5256,-0.3791
5.680,2.2251,-0.4824,0.5424,0.2612
5.690,2.2082,-0.4542,0.5592,0.8079
5.700,2.1908,-0.4260,0.5760,0.6735
5.710,2.1729,-0.3978,0.5928,0.6405
5.720,2.1545,-0.3696,0.6096,0.7305
5.730,2.1357,-0.3414,0.6264,-0.1445
5.740,2.1164,-0.3132,0.6432,0.3406
5.750,2.0967,-0.2850,0.6600,-0.7318
5.760,2.0765,-0.2568,0.6768,0.3276
5.770,2.0559,-0.2286,0.6936,0.3314
5.780,2.0348,-0.2004,0.7104,-0.9786
5.790,2.0133,-0.1722,0.7272,-0.9425
5.800,1.9913,-0.1440,0.7440,-0.6310
5.810,1.9690,-0.1158,0.7608,-0.9410
5.820,1.9462,-0.0876,0.7776,-0.7429
5.830,1.9229,-0.0594,0.7944,-0.9260
5.840,1.8993,-0.0312,0.8112,-0.3153
5.850,1.8753,-0.0030,0.8280,0.6576
5.860,1.8508,0.0252,0.8448,0.5134
5.870,1.8260,0.0534,0.8616,0.8623
5.880,1.8008,0.0816,0.8784,-0.6245
5.890,1.7752,0.1098,0.8952,-0.1729
5.900,1.7492,0.1380,0.9120,0.5635
5.910,1.7228,0.1662,0.9288,0.3682
5.920,1.6960,0.1944,0.9456,0.9868
5.930,1.6689,0.2226,0.9624,-0.9595
5.940,1.6415,0.2508,0.9792,0.1783
5.950,1.6136,0.2790,0.9960,-0.1532
5.960,1.5855,0.3072,-0.9872,0.5038
5.970,1.5570,0.3354,-0.9704,-0.0745
5.980,1.5281,0.3636,-0.9536,0.7791
5.990,1.4990,0.3918,-0.9368,-0.7115
6.000,1.4695,0.4200,-0.9200,-0.9237
6.010,1.4397,0.4482,-0.9032,-0.8827
6.020,1.4095,0.4764,-0.8864,-0.7898
6.030,1.3791,0.5046,-0.8696,-0.6062
6.040,1.3484,0.5328,-0.8528,-0.1226
6.050,1.3174,0.5610,-0.8360,-0.1364
6.060,1.2861,0.5892,-0.8192,0.2860
6.070,1.2545,0.6174,-0.8024,0.6280
6.080,1.2227,0.6456,-0.7856,-0.9966
6.090,1.1906,0.6738,-0.7688,-0.8381
6.100,1.1582,0.7020,-0.7520,0.2700
6.110,1.1256,0.7302,-0.7352,-0.6127
6.120,1.0928,0.7584,-0.7184,-0.1785
6.130,1.0597,0.7866,-0.7016,0.7120
6.140,1.0264,0.8148,-0.6848,0.9423
6.150,0.9929,0.8430,-0.6680,0.8078
6.160,0.9591,0.8712,-0.6512,0.6702
6.170,0.9252,0.8994,-0.6344,0.4640
6.180,0.8910,0.9276,-0.6176,0.4104
6.190,0.8567,0.9558,-0.6008,0.2475
6.200,0.8222,0.9840,-0.5840,0.3202
6.210,0.7875,1.0122,-0.5672,0.0431
6.220,0.7526,1.0404,-0.5504,-0.6792
6.230,0.7176,1.0686,-0.5336,-0.0254
6.240,0.6824,1.0968,-0.5168,0.1008
6.250,0.6470,1.1250,-0.5000,-0.1671
6.260,0.6116,1.1532,-0.4832,-0.3726
6.270,0.5760,1.1814,-0.4664,0.0910
6.280,0.5402,1.2096,-0.4496,0.0985
6.290,0.5044,1.2378,-0.4328,-0.0022
6.300,0.4685,1.2660,-0.4160,-0.4279
6.310,0.4324,1.2942,-0.3992,-0.7762
6.320,0.3963,1.3224,-0.3824,-0.6648
6.330,0.3600,1.3506,-0.3656,0.2264
6.340,0.3237,1.3788,-0.3488,-0.9644
6.350,0.2873,1.4070,-0.3320,-0.9841
6.360,0.2509,1.4352,-0.3152,0.3292
6.370,0.2144,1.4634,-0.2984,-0.5231
6.380,0.1779,1.4916,-0.2816,-0.0873
6.390,0.1413,1.4802,-0.2648,0.9465
6.400,0.1047,1.4520,-0.2480,0.9494
6.410,0.0681,1.4238,-0.2312,-0.4950
6.420,0.0314,1.3956,-0.2144,0.6694
6.430,-0.0052,1.3674,-0.1976,0.5123
6.440,-0.0419,1.3392,-0.1808,0.9650
6.450,-0.0785,1.3110,-0.1640,0.4575
6.460,-0.1152,1.2828,-0.1472,0.7384
6.470,-0.1518,1.2546,-0.1304,0.3025
6.480,-0.1883,1.2264,-0.1136,-0.8002
6.490,-0.2248,1.1982,-0.0968,-0.6896
6.500,-0.2613,1.1700,-0.0800,0.9082
6.510,-0.2977,1.1418,-0.0632,-0.0033
6.520,-0.3341,1.1136,-0.0464,-0.3044
6.530,-0.3704,1.0854,-0.0296,0.4345
6.540,-0.4066,1.0572,-0.0128,0.3627
6.550,-0.4427,1.0290,0.0040,-0.1818
6.560,-0.4787,1.0008,0.0208,-0.2077
6.570,-0.5147,0.9726,0.0376,0.0695
6.580,-0.5505,0.9444,0.0544,-0.4723
6.590,-0.5862,0.9162,0.0712,0.4732
6.600,-0.6217,0.8880,0.0880,-0.4705
6.610,-0.6572,0.8598,0.1048,0.9868
6.620,-0.6924,0.8316,0.1216,0.3799
6.630,-0.7276,0.8034,0.1384,-0.8914
6.640,-0.7626,0.7752,0.1552,0.2773
6.650,-0.7974,0.7470,0.1720,0.1237
6.660,-0.8320,0.7188,0.1888,0.3755
6.670,-0.8665,0.6906,0.2056,-0.6824
6.680,-0.9008,0.6624,0.2224,-0.9986
6.690,-0.9349,0.6342,0.2392,0.4689
6.700,-0.9688,0.6060,0.2560,0.6537
6.710,-1.0025,0.5778,0.2728,-0.2742
6.720,-1.0359,0.5496,0.2896,-0.9307
6.730,-1.0692,0.5214,0.3064,0.9820
6.740,-1.1022,0.4932,0.3232,-0.3280
6.750,-1.1350,0.4650,0.3400,0.1884
6.760,-1.1675,0.4368,0.3568,-0.9960
6.770,-1.1998,0.4086,0.3736,0.8269
6.780,-1.2318,0.3804,0.3904,-0.0702
6.790,-1.2636,0.3522,0.4072,-0.8692
6.800,-1.2951,0.3240,0.4240,-0.9090
6.810,-1.3263,0.2958,0.4408,0.7009
6.820,-1.3572,0.2676,0.4576,-0.0643
6.830,-1.3878,0.2394,0.4744,0.0614
6.840,-1.4182,0.2112,0.4912,0.2450
6.850,-1.4482,0.1830,0.5080,0.5408
6.860,-1.4779,0.1548,0.5248,0.0751
6.870,-1.5073,0.1266,0.5416,-0.2084
6.880,-1.5364,0.0984,0.5584,0.0430
6.890,-1.5651,0.0702,0.5752,-0.6125
6.900,-1.5936,0.0420,0.5920,-0.4653
6.910,-1.6216,0.0138,0.6088,-0.6098
6.920,-1.6493,-0.0144,0.6256,-0.6708
6.930,-1.6767,-0.0426,0.6424,-0.3102
6.940,-1.7037,-0.0708,0.6592,-0.0599
6.950,-1.7304,-0.0990,0.6760,-0.5938
6.960,-1.7566,-0.1272,0.6928,-0.7014
6.970,-1.7825,-0.1554,0.7096,0.8288
6.980,-1.8080,-0.1836,0.7264,-0.1380
6.990,-1.8331,-0.2118,0.7432,-0.6090
7.000,-1.8579,-0.2400,0.7600,-0.5345
7.010,-1.8822,-0.2682,0.7768,-0.8555
7.020,-1.9061,-0.2964,0.7936,0.8480
7.030,-1.9296,-0.3246,0.8104,0.2494
7.040,-1.9527,-0.3528,0.8272,-0.5771
7.050,-1.9754,-0.3810,0.8440,0.2455
7.060,-1.9976,-0.4092,0.8608,0.1364
7.070,-2.0195,-0.4374,0.8776,0.4532
7.080,-2.0408,-0.4656,0.8944,-0.2010
7.090,-2.0618,-0.4938,0.9112,-0.1169
7.100,-2.0823,-0.5220,0.9280,-0.2928
7.110,-2.1024,-0.5502,0.9448,-0.3538
7.120,-2.1220,-0.5784,0.9616,0.3177
7.130,-2.1411,-0.6066,0.9784,0.1710
7.140,-2.1598,-0.6348,0.9952,-0.1718
7.150,-2.1780,-0.6630,-0.9880,-0.3258
7.160,-2.1958,-0.6912,-0.9712,-0.6319
7.170,-2.2131,-0.7194,-0.9544,0.4324
7.180,-2.2299,-0.7476,-0.9376,-0.2498
7.190,-2.2462,-0.7758,-0.9208,-0.4309
7.200,-2.2621,-0.8040,-0.9040,-0.0091
7.210,-2.2774,-0.8322,-0.8872,0.4550
7.220,-2.2923,-0.8604,-0.8704,0.7102
7.230,-2.3067,-0.8886,-0.8536,-0.4801
7.240,-2.3206,-0.9168,-0.8368,-0.3138
7.250,-2.3340,-0.9450,-0.8200,0.4351
7.260,-2.3468,-0.9732,-0.8032,0.8965
7.270,-2.3592,-1.0014,-0.7864,-0.6391
7.280,-2.3711,-1.0296,-0.7696,-0.0492
7.290,-2.3824,-1.0578,-0.7528,0.3929
7.300,-2.3933,-1.0860,-0.7360,0.5334
7.310,-2.4036,-1.1142,-0.7192,-0.3908
7.320,-2.4135,-1.1424,-0.7024,-0.0508
7.330,-2.4228,-1.1706,-0.6856,0.3401
7.340,-2.4315,-1.1988,-0.6688,-0.2589
7.350,-2.4398,-1.2270,-0.6520,-0.4179
7.360,-2.4475,-1.2552,-0.6352,-0.7738
7.370,-2.4547,-1.2834,-0.6184,0.9794
7.380,-2.4614,-1.3116,-0.6016,0.3275
7.390,-2.4676,-1.3398,-0.5848,-0.3749
7.400,-2.4732,-1.3680,-0.5680,0.8669
7.410,-2.4783,-1.3962,-0.5512,-0.7802
7.420,-2.4828,-1.4244,-0.5344,-0.8325
7.430,-2.4868,-1.4526,-0.5176,0.9840
7.440,-2.4903,-1.4808,-0.5008,-0.9899
7.450,-2.4933,-1.4910,-0.4840,-0.7128
7.460,-2.4957,-1.4628,-0.4672,-0.6729
7.470,-2.4976,-1.4346,-0.4504,-0.6509
7.480,-2.4989,-1.4064,-0.4336,-0.8791
7.490,-2.4997,-1.3782,-0.4168,0.7112
7.500,-2.5000,-1.3500,-0.4000,-0.4134
7.510,-2.4997,-1.3218,-0.3832,0.6059
7.520,-2.4989,-1.2936,-0.3664,-0.0699
7.530,-2.4976,-1.2654,-0.3496,0.9715
7.540,-2.4957,-1.2372,-0.3328,-0.4778
7.550,-2.4933,-1.2090,-0.3160,-0.1785
7.560,-2.4903,-1.1808,-0.2992,0.4457
7.570,-2.4868,-1.1526,-0.2824,-0.9178
7.580,-2.4828,-1.1244,-0.2656,-0.2009
7.590,-2.4783,-1.0962,-0.2488,0.9982
7.600,-2.4732,-1.0680,-0.2320,-0.0576
7.610,-2.4676,-1.0398,-0.2152,0.8983
7.620,-2.4614,-1.0116,-0.1984,-0.1658
7.630,-2.4547,-0.9834,-0.1816,-0.3731
7.640,-2.4475,-0.9552,-0.1648,-0.6635
7.650,-2.4398,-0.9270,-0.1480,-0.5771
7.660,-2.4315,-0.8988,-0.1312,-0.5155
7.670,-2.4228,-0.8706,-0.1144,0.5697
7.680,-2.4135,-0.8424,-0.0976,0.8515
7.690,-2.4036,-0.8142,-0.0808,-0.1014
7.700,-2.3933,-0.7860,-0.0640,-0.0836
7.710,-2.3824,-0.7578,-0.0472,0.3041
7.720,-2.3711,-0.7296,-0.0304,-0.6192
7.730,-2.3592,-0.7014,-0.0136,-0.0375
7.740,-2.3468,-0.6732,0.0032,-0.6860
7.750,-2.3340,-0.6450,0.0200,-0.9398
7.760,-2.3206,-0.6168,0.0368,-0.5455
7.770,-2.3067,-0.5886,0.0536,-0.3525
7.780,-2.2923,-0.5604,0.0704,-0.4199
7.790,-2.2774,-0.5322,0.0872,0.8811
7.800,-2.2621,-0.5040,0.1040,0.2154
7.810,-2.2462,-0.4758,0.1208,0.5103
7.820,-2.2299,-0.4476,0.1376,0.6890
7.830,-2.2131,-0.4194,0.1544,0.1386
7.840,-2.1958,-0.3912,0.1712,-0.6889
7.850,-2.1780,-0.3630,0.1880,-0.3324
7.860,-2.1598,-0.3348,0.2048,-0.1550
7.870,-2.1411,-0.3066,0.2216,-0.4644
7.880,-2.1220,-0.2784,0.2384,-0.8912
7.890,-2.1024,-0.2502,0.2552,-0.9779
7.900,-2.0823,-0.2220,0.2720,-0.8958
7.910,-2.0618,-0.1938,0.2888,-0.8748
7.920,-2.0408,-0.1656,0.3056,-0.8622
7.930,-2.0195,-0.1374,0.3224,0.4583
7.940,-1.9976,-0.1092,0.3392,-0.3846
7.950,-1.9754,-0.0810,0.3560,0.3799
7.960,-1.9527,-0.0528,0.3728,-0.8322
7.970,-1.9296,-0.0246,0.3896,0.2917
7.980,-1.9061,0.0036,0.4064,-0.8639
7.990,-1.8822,0.0318,0.4232,-0.1606
8.000,-1.8579,0.0600,0.4400,-0.1727
8.010,-1.8331,0.0882,0.4568,0.7497
8.020,-1.8080,0.1164,0.4736,-0.0194
8.030,-1.7825,0.1446,0.4904,-0.6288
8.040,-1.7566,0.1728,0.5072,0.1699
8.050,-1.7304,0.2010,0.5240,0.7676
8.060,-1.7037,0.2292,0.5408,-0.9441
8.070,-1.6767,0.2574,0.5576,0.5725
8.080,-1.6493,0.2856,0.5744,0.0935
8.090,-1.6216,0.3138,0.5912,0.8811
8.100,-1.5936,0.3420,0.6080,0.1411
8.110,-1.5651,0.3702,0.6248,-0.6533
8.120,-1.5364,0.3984,0.6416,0.0201
8.130,-1.5073,0.4266,0.6584,-0.5061
8.140,-1.4779,0.4548,0.6752,-0.9317
8.150,-1.4482,0.4830,0.6920,-0.8149
8.160,-1.4182,0.5112,0.7088,0.7406
8.170,-1.3878,0.5394,0.7256,0.3054
8.180,-1.3572,0.5676,0.7424,0.9590
8.190,-1.3263,0.5958,0.7592,0.1838
8.200,-1.2951,0.6240,0.7760,0.8329
8.210,-1.2636,0.6522,0.7928,-0.8232
8.220,-1.2318,0.6804,0.8096,-0.8256
8.230,-1.1998,0.7086,0.8264,-0.6700
8.240,-1.1675,0.7368,0.8432,-0.4423
8.250,-1.1350,0.7650,0.8600,-0.7820
8.260,-1.1022,0.7932,0.8768,0.1339
8.270,-1.0692,0.8214,0.8936,0.0851
8.280,-1.0359,0.8496,0.9104,-0.3604
8.290,-1.0025,0.8778,0.9272,-0.6235
8.300,-0.9688,0.9060,0.9440,0.6600
8.310,-0.9349,0.9342,0.9608,-0.2002
8.320,-0.9008,0.9624,0.9776,0.8386
8.330,-0.8665,0.9906,0.9944,0.3101
8.340,-0.8320,1.0188,-0.9888,-0.9963
8.350,-0.7974,1.0470,-0.9720,-0.0112
8.360,-0.7626,1.0752,-0.9552,-0.2800
8.370,-0.7276,1.1034,-0.9384,-0.1771
8.380,-0.6924,1.1316,-0.9216,-0.7910
8.390,-0.6572,1.1598,-0.9048,0.9995
8.400,-0.6217,1.1880,-0.8880,-0.4739
8.410,-0.5862,1.2162,-0.8712,0.6483
8.420,-0.5505,1.2444,-0.8544,0.9705
8.430,-0.5147,1.2726,-0.8376,-0.8964
8.440,-0.4787,1.3008,-0.8208,0.5596
8.450,-0.4427,1.3290,-0.8040,-0.1424
8.460,-0.4066,1.3572,-0.7872,-0.3581
8.470,-0.3704,1.3854,-0.7704,0.5443
8.480,-0.3341,1.4136,-0.7536,-0.0185
8.490,-0.2977,1.4418,-0.7368,-0.3219
8.500,-0.2613,1.4700,-0.7200,-0.4489
8.510,-0.2248,1.4982,-0.7032,-0.4308
8.520,-0.1883,1.4736,-0.6864,0.4318
8.530,-0.1518,1.4454,-0.6696,-0.0002
8.540,-0.1152,1.4172,-0.6528,0.2784
8.550,-0.0785,1.3890,-0.6360,-0.0182
8.560,-0.0419,1.3608,-0.6192,-0.6208
8.570,-0.0052,1.3326,-0.6024,-0.6469
8.580,0.0314,1.3044,-0.5856,0.0532
8.590,0.0681,1.2762,-0.5688,0.2409
8.600,0.1047,1.2480,-0.5520,-0.3954
8.610,0.1413,1.2198,-0.5352,-0.3617
8.620,0.1779,1.1916,-0.5184,0.9265
8.630,0.2144,1.1634,-0.5016,0.6404
8.640,0.2509,1.1352,-0.4848,-0.2736
8.650,0.2873,1.1070,-0.4680,0.3886
8.660,0.3237,1.0788,-0.4512,0.8756
8.670,0.3600,1.0506,-0.4344,-0.3995
8.680,0.3963,1.0224,-0.4176,0.1728
8.690,0.4324,0.9942,-0.4008,0.8473
8.700,0.4685,0.9660,-0.3840,0.4953
8.710,0.5044,0.9378,-0.3672,0.6014
8.720,0.5402,0.9096,-0.3504,0.5074
8.730,0.5760,0.8814,-0.3336,0.6407
8.740,0.6116,0.8532,-0.3168,0.4346
8.750,0.6470,0.8250,-0.3000,-0.2092
8.760,0.6824,0.7968,-0.2832,0.5149
8.770,0.7176,0.7686,-0.2664,0.3282
8.780,0.7526,0.7404,-0.2496,0.2331
8.790,0.7875,0.7122,-0.2328,0.7966
8.800,0.8222,0.6840,-0.2160,-0.0470
8.810,0.8567,0.6558,-0.1992,-0.3899
8.820,0.8910,0.6276,-0.1824,-0.2857
8.830,0.9252,0.5994,-0.1656,-0.2241
8.840,0.9591,0.5712,-0.1488,0.3755
8.850,0.9929,0.5430,-0.1320,-0.5243
8.860,1.0264,0.5148,-0.1152,0.5914
8.870,1.0597,0.4866,-0.0984,0.2315
8.880,1.0928,0.4584,-0.0816,0.9355
8.890,1.1256,0.4302,-0.0648,-0.9289
8.900,1.1582,0.4020,-0.0480,0.4427
8.910,1.1906,0.3738,-0.0312,-0.3731
8.920,1.2227,0.3456,-0.0144,0.5720
8.930,1.2545,0.3174,0.0024,0.5697
8.940,1.2861,0.2892,0.0192,-0.2876
8.950,1.3174,0.2610,0.0360,0.3323
8.960,1.3484,0.2328,0.0528,-0.5120
8.970,1.3791,0.2046,0.0696,-0.1745
8.980,1.4095,0.1764,0.0864,0.8924
8.990,1.4397,0.1482,0.1032,-0.0688
9.000,1.4695,0.1200,0.1200,-0.6736
9.010,1.4990,0.0918,0.1368,-0.9089
9.020,1.5281,0.0636,0.1536,-0.4572
9.030,1.5570,0.0354,0.1704,0.4193
9.040,1.5855,0.0072,0.1872,-0.0514
9.050,1.6136,-0.0210,0.2040,0.5814
9.060,1.6415,-0.0492,0.2208,-0.6939
9.070,1.6689,-0.0774,0.2376,0.3282
9.080,1.6960,-0.1056,0.2544,-0.7769
9.090,1.7228,-0.1338,0.2712,0.1637
9.100,1.7492,-0.1620,0.2880,-0.4282
9.110,1.7752,-0.1902,0.3048,0.3036
9.120,1.8008,-0.2184,0.3216,0.7305
9.130,1.8260,-0.2466,0.3384,0.9572
9.140,1.8508,-0.2748,0.3552,0.9478
9.150,1.8753,-0.3030,0.3720,-0.8305
9.160,1.8993,-0.3312,0.3888,0.7902
9.170,1.9229,-0.3594,0.4056,-0.8797
9.180,1.9462,-0.3876,0.4224,0.1946
9.190,1.9690,-0.4158,0.4392,0.0107
9.200,1.9913,-0.4440,0.4560,0.7162
9.210,2.0133,-0.4722,0.4728,0.6105
9.220,2.0348,-0.5004,0.4896,0.7784
9.230,2.0559,-0.5286,0.5064,0.3037
9.240,2.0765,-0.5568,0.5232,0.7069
9.250,2.0967,-0.5850,0.5400,0.1943
9.260,2.1164,-0.6132,0.5568,-0.2996
9.270,2.1357,-0.6414,0.5736,0.6277
9.280,2.1545,-0.6696,0.5904,0.2769
9.290,2.1729,-0.6978,0.6072,0.4920
9.300,2.1908,-0.7260,0.6240,-0.2435
9.310,2.2082,-0.7542,0.6408,0.9869
9.320,2.2251,-0.7824,0.6576,0.6353
9.330,2.2416,-0.8106,0.6744,-0.6642
9.340,2.2576,-0.8388,0.6912,0.8860
9.350,2.2731,-0.8670,0.7080,0.2757
9.360,2.2881,-0.8952,0.7248,0.9175
9.370,2.3026,-0.9234,0.7416,0.2243
9.380,2.3166,-0.9516,0.7584,0.7640
9.390,2.3302,-0.9798,0.7752,0.9175
9.400,2.3432,-1.0080,0.7920,0.6777
9.410,2.3557,-1.0362,0.8088,-0.8465
9.420,2.3677,-1.0644,0.8256,-0.7061
9.430,2.3793,-1.0926,0.8424,-0.7919
9.440,2.3903,-1.1208,0.8592,-0.4542
9.450,2.4007,-1.1490,0.8760,-0.3938
9.460,2.4107,-1.1772,0.8928,0.1572
9.470,2.4202,-1.2054,0.9096,0.3967
9.480,2.4291,-1.2336,0.9264,-0.5416
9.490,2.4375,-1.2618,0.9432,-0.0192
9.500,2.4454,-1.2900,0.9600,-0.9245
9.510,2.4527,-1.3182,0.9768,0.0328
9.520,2.4596,-1.3464,0.9936,-0.6331
9.530,2.4659,-1.3746,-0.9896,0.2409
9.540,2.4716,-1.4028,-0.9728,0.9423
9.550,2.4769,-1.4310,-0.9560,-0.3865
9.560,2.4816,-1.4592,-0.9392,0.8309
9.570,2.4858,-1.4874,-0.9224,-0.9330
9.580,2.4894,-1.4844,-0.9056,0.4796
9.590,2.4925,-1.4562,-0.8888,-0.9401
9.600,2.4951,-1.4280,-0.8720,-0.5970
9.610,2.4971,-1.3998,-0.8552,-0.7094
9.620,2.4986,-1.3716,-0.8384,-0.4235
9.630,2.4996,-1.3434,-0.8216,-0.9450
9.640,2.5000,-1.3152,-0.8048,-0.7901
9.650,2.4999,-1.2870,-0.7880,-0.1059
9.660,2.4992,-1.2588,-0.7712,0.9656
9.670,2.4980,-1.2306,-0.7544,0.7745
9.680,2.4963,-1.2024,-0.7376,0.6380
9.690,2.4940,-1.1742,-0.7208,-0.6449
9.700,2.4912,-1.1460,-0.7040,0.3935
9.710,2.4879,-1.1178,-0.6872,-0.9589
9.720,2.4840,-1.0896,-0.6704,-0.4718
9.730,2.4796,-1.0614,-0.6536,-0.3818
9.740,2.4747,-1.0332,-0.6368,-0.0584
9.750,2.4692,-1.0050,-0.6200,-0.5658
9.760,2.4632,-0.9768,-0.6032,0.7867
9.770,2.4567,-0.9486,-0.5864,0.4755
9.780,2.4496,-0.9204,-0.5696,-0.3458
9.790,2.4421,-0.8922,-0.5528,0.3854
9.800,2.4339,-0.8640,-0.5360,-0.1813
9.810,2.4253,-0.8358,-0.5192,0.6355
9.820,2.4162,-0.8076,-0.5024,-0.8720
9.830,2.4065,-0.7794,-0.4856,-0.2080
9.840,2.3963,-0.7512,-0.4688,-0.3104
9.850,2.3856,-0.7230,-0.4520,0.2636
9.860,2.3744,-0.6948,-0.4352,-0.7772
9.870,2.3627,-0.6666,-0.4184,0.1796
9.880,2.3504,-0.6384,-0.4016,0.4219
9.890,2.3377,-0.6102,-0.3848,0.2740
9.900,2.3244,-0.5820,-0.3680,0.5455
9.910,2.3107,-0.5538,-0.3512,0.9437
9.920,2.2965,-0.5256,-0.3344,-0.6677
9.930,2.2817,-0.4974,-0.3176,0.1554
9.940,2.2665,-0.4692,-0.3008,-0.1325
9.950,2.2508,-0.4410,-0.2840,0.7041
9.960,2.2346,-0.4128,-0.2672,-0.1828
9.970,2.2179,-0.3846,-0.2504,0.6101
9.980,2.2008,-0.3564,-0.2336,0.1285
9.990,2.1832,-0.3282,-0.2168,-0.6994
10.000,2.1651,-0.3000,-0.2000,0.4901
10.010,2.1465,-0.2718,-0.1832,-0.2098
10.020,2.1275,-0.2436,-0.1664,0.1860
10.030,2.1080,-0.2154,-0.1496,-0.5368
10.040,2.0881,-0.1872,-0.1328,-0.9195
10.050,2.0677,-0.1590,-0.1160,0.4095
10.060,2.0469,-0.1308,-0.0992,0.9635
10.070,2.0256,-0.1026,-0.0824,0.6872
10.080,2.0039,-0.0744,-0.0656,-0.0025
10.090,1.9818,-0.0462,-0.0488,-0.4856
10.100,1.9592,-0.0180,-0.0320,-0.8432
10.110,1.9363,0.0102,-0.0152,0.3449
10.120,1.9129,0.0384,0.0016,0.9662
10.130,1.8891,0.0666,0.0184,-0.8060
10.140,1.8649,0.0948,0.0352,0.1521
10.150,1.8402,0.1230,0.0520,-0.4359
10.160,1.8152,0.1512,0.0688,0.6427
10.170,1.7898,0.1794,0.0856,-0.9894
10.180,1.7641,0.2076,0.1024,0.3144
10.190,1.7379,0.2358,0.1192,-0.0936
10.200,1.7114,0.2640,0.1360,-0.3863
10.210,1.6845,0.2922,0.1528,-0.5672
10.220,1.6572,0.3204,0.1696,-0.7004
10.230,1.6296,0.3486,0.1864,-0.6249
10.240,1.6016,0.3768,0.2032,-0.3128
10.250,1.5733,0.4050,0.2200,0.0512
10.260,1.5446,0.4332,0.2368,-0.4496
10.270,1.5157,0.4614,0.2536,0.7841
10.280,1.4864,0.4896,0.2704,0.8802
10.290,1.4567,0.5178,0.2872,0.8589
10.300,1.4268,0.5460,0.3040,0.6279
10.310,1.3965,0.5742,0.3208,0.0203
10.320,1.3660,0.6024,0.3376,0.0103
10.330,1.3351,0.6306,0.3544,-0.6225
10.340,1.3040,0.6588,0.3712,0.5393
10.350,1.2726,0.6870,0.3880,0.2287
10.360,1.2409,0.7152,0.4048,-0.7030
10.370,1.2090,0.7434,0.4216,0.9104
10.380,1.1768,0.7716,0.4384,0.7143
10.390,1.1443,0.7998,0.4552,0.4537
10.400,1.1116,0.8280,0.4720,-0.1214
10.410,1.0786,0.8562,0.4888,-0.2963
10.420,1.0455,0.8844,0.5056,-0.2107
10.430,1.0121,0.9126,0.5224,-0.2344
10.440,0.9784,0.9408,0.5392,-0.3480
10.450,0.9446,0.9690,0.5560,-0.7028
10.460,0.9106,0.9972,0.5728,-0.1458
10.470,0.8763,1.0254,0.5896,0.4058
10.480,0.8419,1.0536,0.6064,-0.6594
10.490,0.8073,1.0818,0.6232,0.8456
10.500,0.7725,1.1100,0.6400,-0.6821
10.510,0.7376,1.1382,0.6568,-0.0202
10.520,0.7025,1.1664,0.6736,-0.8032
10.530,0.6673,1.1946,0.6904,0.6920
10.540,0.6319,1.2228,0.7072,-0.9502
10.550,0.5963,1.2510,0.7240,-0.7689
10.560,0.5607,1.2792,0.7408,-0.7538
10.570,0.5249,1.3074,0.7576,0.9745
10.580,0.4890,1.3356,0.7744,0.9527
10.590,0.4530,1.3638,0.7912,0.4260
10.600,0.4169,1.3920,0.8080,0.4782
10.610,0.3807,1.4202,0.8248,-0.4529
10.620,0.3445,1.4484,0.8416,0.6233
10.630,0.3081,1.4766,0.8584,-0.1189
10.640,0.2717,1.4952,0.8752,0.8911
10.650,0.2353,1.4670,0.8920,-0.0036
10.660,0.1988,1.4388,0.9088,0.2573
10.670,0.1622,1.4106,0.9256,0.6642
10.680,0.1256,1.3824,0.9424,0.7958
10.690,0.0890,1.3542,0.9592,-0.9646
10.700,0.0524,1.3260,0.9760,0.4549
10.710,0.0157,1.2978,0.9928,0.0015
10.720,-0.0209,1.2696,-0.9904,0.2867
10.730,-0.0576,1.2414,-0.9736,-0.9446
10.740,-0.0942,1.2132,-0.9568,0.0823
10.750,-0.1308,1.1850,-0.9400,0.4194
10.760,-0.1674,1.1568,-0.9232,0.2837
10.770,-0.2040,1.1286,-0.9064,0.1173
10.780,-0.2405,1.1004,-0.8896,-0.1533
10.790,-0.2769,1.0722,-0.8728,0.1554
10.800,-0.3133,1.0440,-0.8560,-0.9459
10.810,-0.3497,1.0158,-0.8392,0.1633
10.820,-0.3859,0.9876,-0.8224,-0.2596
10.830,-0.4221,0.9594,-0.8056,0.8668
10.840,-0.4582,0.9312,-0.7888,0.6176
10.850,-0.4941,0.9030,-0.7720,0.7316
10.860,-0.5300,0.8748,-0.7552,-0.9898
10.870,-0.5658,0.8466,-0.7384,-0.8296
10.880,-0.6014,0.8184,-0.7216,-0.0559
10.890,-0.6369,0.7902,-0.7048,-0.0471
10.900,-0.6723,0.7620,-0.6880,-0.1920
10.910,-0.7075,0.7338,-0.6712,-0.9577
10.920,-0.7426,0.7056,-0.6544,0.3470
10.930,-0.7775,0.6774,-0.6376,-0.8876
10.940,-0.8123,0.6492,-0.6208,0.1801
10.950,-0.8468,0.6210,-0.6040,0.6117
10.960,-0.8812,0.5928,-0.5872,0.9815
10.970,-0.9154,0.5646,-0.5704,-0.4430
10.980,-0.9494,0.5364,-0.5536,0.5503
10.990,-0.9833,0.5082,-0.5368,-0.6227
11.000,-1.0168,0.4800,-0.5200,0.8518
11.010,-1.0502,0.4518,-0.5032,-0.7701
11.020,-1.0834,0.4236,-0.4864,0.3527
11.030,-1.1163,0.3954,-0.4696,0.3796
11.040,-1.1489,0.3672,-0.4528,0.2347
11.050,-1.1814,0.3390,-0.4360,0.6127
11.060,-1.2136,0.3108,-0.4192,-0.0276
11.070,-1.2455,0.2826,-0.4024,0.3591
11.080,-1.2771,0.2544,-0.3856,0.9250
11.090,-1.3085,0.2262,-0.3688,0.3575
11.100,-1.3396,0.1980,-0.3520,-0.3516
11.110,-1.3704,0.1698,-0.3352,-0.5679
11.120,-1.4009,0.1416,-0.3184,-0.7899
11.130,-1.4311,0.1134,-0.3016,-0.6102
11.140,-1.4610,0.0852,-0.2848,-0.5047
11.150,-1.4906,0.0570,-0.2680,0.3157
11.160,-1.5198,0.0288,-0.2512,-0.0210
11.170,-1.5488,0.0006,-0.2344,0.7628
11.180,-1.5774,-0.0276,-0.2176,-0.6989
11.190,-1.6056,-0.0558,-0.2008,-0.3675
11.200,-1.6336,-0.0840,-0.1840,0.8720
11.210,-1.6611,-0.1122,-0.1672,-0.9548
11.220,-1.6883,-0.1404,-0.1504,-0.7438
11.230,-1.7152,-0.1686,-0.1336,0.3265
11.240,-1.7417,-0.1968,-0.1168,-0.1218
11.250,-1.7678,-0.2250,-0.1000,-0.4762
11.260,-1.7935,-0.2532,-0.0832,-0.7295
11.270,-1.8188,-0.2814,-0.0664,0.7222
11.280,-1.8438,-0.3096,-0.0496,0.2865
11.290,-1.8683,-0.3378,-0.0328,0.0012
11.300,-1.8925,-0.3660,-0.0160,-0.9654
11.310,-1.9162,-0.3942,0.0008,0.2570
11.320,-1.9396,-0.4224,0.0176,-0.6042
11.330,-1.9625,-0.4506,0.0344,0.4708
11.340,-1.9850,-0.4788,0.0512,-0.5190
11.350,-2.0070,-0.5070,0.0680,0.4185
11.360,-2.0287,-0.5352,0.0848,-0.1082
11.370,-2.0499,-0.5634,0.1016,0.4500
11.380,-2.0706,-0.5916,0.1184,0.8028
11.390,-2.0910,-0.6198,0.1352,-0.0810
11.400,-2.1108,-0.6480,0.1520,-0.7043
11.410,-2.1302,-0.6762,0.1688,0.2526
11.420,-2.1492,-0.7044,0.1856,0.6845
11.430,-2.1677,-0.7326,0.2024,-0.3633
11.440,-2.1857,-0.7608,0.2192,-0.6080
11.450,-2.2033,-0.7890,0.2360,0.9823
11.460,-2.2203,-0.8172,0.2528,0.9022
11.470,-2.2369,-0.8454,0.2696,-0.6439
11.480,-2.2531,-0.8736,0.2864,0.0399
11.490,-2.2687,-0.9018,0.3032,0.5279
11.500,-2.2839,-0.9300,0.3200,0.9492
11.510,-2.2985,-0.9582,0.3368,0.8385
11.520,-2.3127,-0.9864,0.3536,0.2772
11.530,-2.3264,-1.0146,0.3704,-0.6586
11.540,-2.3395,-1.0428,0.3872,-0.1565
11.550,-2.3522,-1.0710,0.4040,0.2535
11.560,-2.3644,-1.0992,0.4208,0.1201
11.570,-2.3760,-1.1274,0.4376,0.2815
11.580,-2.3872,-1.1556,0.4544,-0.2274
11.590,-2.3978,-1.1838,0.4712,-0.4961
11.600,-2.4079,-1.2120,0.4880,0.9676
11.610,-2.4175,-1.2402,0.5048,-0.6983
11.620,-2.4266,-1.2684,0.5216,-0.2671
11.630,-2.4351,-1.2966,0.5384,0.4733
11.640,-2.4432,-1.3248,0.5552,-0.9850
11.650,-2.4507,-1.3530,0.5720,0.2661
11.660,-2.4577,-1.3812,0.5888,-0.1804
11.670,-2.4641,-1.4094,0.6056,0.7296
11.680,-2.4700,-1.4376,0.6224,0.5834
11.690,-2.4754,-1.4658,0.6392,-0.3270
11.700,-2.4803,-1.4940,0.6560,-0.6774
11.710,-2.4846,-1.4778,0.6728,-0.2854
11.720,-2.4884,-1.4496,0.6896,0.7723
11.730,-2.4917,-1.4214,0.7064,-0.4316
11.740,-2.4944,-1.3932,0.7232,0.2862
11.750,-2.4966,-1.3650,0.7400,0.9510
11.760,-2.4982,-1.3368,0.7568,-0.6608
11.770,-2.4993,-1.3086,0.7736,-0.5706
11.780,-2.4999,-1.2804,0.7904,0.6868
11.790,-2.5000,-1.2522,0.8072,0.2987
11.800,-2.4995,-1.2240,0.8240,0.2157
11.810,-2.4984,-1.1958,0.8408,0.3007
11.820,-2.4968,-1.1676,0.8576,-0.1126
11.830,-2.4947,-1.1394,0.8744,0.7904
11.840,-2.4921,-1.1112,0.8912,-0.4368
11.850,-2.4889,-1.0830,0.9080,0.9630
11.860,-2.4852,-1.0548,0.9248,-0.4777
11.870,-2.4809,-1.0266,0.9416,-0.9206
11.880,-2.4762,-0.9984,0.9584,-0.2231
11.890,-2.4708,-0.9702,0.9752,0.4171
11.900,-2.4650,-0.9420,0.9920,-0.5292
11.910,-2.4586,-0.9138,-0.9912,-0.9708
11.920,-2.4517,-0.8856,-0.9744,-0.6576
11.930,-2.4443,-0.8574,-0.9576,-0.5373
11.940,-2.4363,-0.8292,-0.9408,-0.9257
11.950,-2.4278,-0.8010,-0.9240,0.4777
11.960,-2.4188,-0.7728,-0.9072,0.9527
11.970,-2.4093,-0.7446,-0.8904,0.6551
11.980,-2.3993,-0.7164,-0.8736,0.2545
11.990,-2.3887,-0.6882,-0.8568,-0.2942
12.000,-2.3776,-0.6600,-0.8400,0.7914
12.010,-2.3661,-0.6318,-0.8232,0.4188
12.020,-2.3540,-0.6036,-0.8064,-0.3125
12.030,-2.3414,-0.5754,-0.7896,0.6426
12.040,-2.3283,-0.5472,-0.7728,0.3870
12.050,-2.3147,-0.5190,-0.7560,-0.3980
12.060,-2.3006,-0.4908,-0.7392,-0.3090
12.070,-2.2860,-0.4626,-0.7224,0.3382
12.080,-2.2709,-0.4344,-0.7056,0.9475
12.090,-2.2553,-0.4062,-0.6888,-0.7492
12.100,-2.2393,-0.3780,-0.6720,-0.0187
12.110,-2.2227,-0.3498,-0.6552,0.7356
12.120,-2.2057,-0.3216,-0.6384,0.5778
12.130,-2.1882,-0.2934,-0.6216,0.8860
12.140,-2.1703,-0.2652,-0.6048,0.9547
12.150,-2.1519,-0.2370,-0.5880,-0.7281
12.160,-2.1330,-0.2088,-0.5712,-0.7100
12.170,-2.1136,-0.1806,-0.5544,-0.9376
12.180,-2.0938,-0.1524,-0.5376,-0.3489
12.190,-2.0736,-0.1242,-0.5208,-0.6585
12.200,-2.0529,-0.0960,-0.5040,-0.7907
12.210,-2.0317,-0.0678,-0.4872,0.4932
12.220,-2.0102,-0.0396,-0.4704,0.0557
12.230,-1.9882,-0.0114,-0.4536,0.1519
12.240,-1.9657,0.0168,-0.4368,-0.1153
12.250,-1.9429,0.0450,-0.4200,0.5197
12.260,-1.9196,0.0732,-0.4032,-0.1060
12.270,-1.8959,0.1014,-0.3864,0.0029
12.280,-1.8718,0.1296,-0.3696,-0.8913
12.290,-1.8473,0.1578,-0.3528,0.2084
12.300,-1.8224,0.1860,-0.3360,0.5780
12.310,-1.7971,0.2142,-0.3192,-0.4789
12.320,-1.7715,0.2424,-0.3024,0.1535
12.330,-1.7454,0.2706,-0.2856,-0.1446
12.340,-1.7190,0.2988,-0.2688,-0.5409
12.350,-1.6922,0.3270,-0.2520,-0.1191
12.360,-1.6650,0.3552,-0.2352,0.8287
12.370,-1.6375,0.3834,-0.2184,-0.8183
12.380,-1.6096,0.4116,-0.2016,0.0428
12.390,-1.5814,0.4398,-0.1848,-0.4573
12.400,-1.5529,0.4680,-0.1680,0.2688
12.410,-1.5240,0.4962,-0.1512,0.9976
12.420,-1.4948,0.5244,-0.1344,0.3239
12.430,-1.4652,0.5526,-0.1176,-0.4599
12.440,-1.4354,0.5808,-0.1008,-0.1459
12.450,-1.4052,0.6090,-0.0840,-0.3798
12.460,-1.3747,0.6372,-0.0672,-0.1035
12.470,-1.3440,0.6654,-0.0504,-0.1525
12.480,-1.3129,0.6936,-0.0336,-0.8265
12.490,-1.2816,0.7218,-0.0168,-0.1763
12.500,-1.2500,0.7500,0.0000,0.9950
12.510,-1.2181,0.7782,0.0168,-0.1416
12.520,-1.1860,0.8064,0.0336,0.4340
12.530,-1.1536,0.8346,0.0504,0.6040
12.540,-1.1210,0.8628,0.0672,-0.8757
12.550,-1.0881,0.8910,0.0840,0.5070
12.560,-1.0550,0.9192,0.1008,-0.7753
12.570,-1.0216,0.9474,0.1176,0.5393
12.580,-0.9881,0.9756,0.1344,-0.5667
12.590,-0.9543,1.0038,0.1512,0.0628
12.600,-0.9203,1.0320,0.1680,0.0389
12.610,-0.8861,1.0602,0.1848,0.0277
12.620,-0.8518,1.0884,0.2016,-0.5115
12.630,-0.8172,1.1166,0.2184,0.1310
12.640,-0.7825,1.1448,0.2352,-0.5361
12.650,-0.7476,1.1730,0.2520,0.1825
12.660,-0.7125,1.2012,0.2688,-0.3945
12.670,-0.6773,1.2294,0.2856,0.8889
12.680,-0.6420,1.2576,0.3024,0.4423
12.690,-0.6065,1.2858,0.3192,0.6672
12.700,-0.5709,1.3140,0.3360,0.3916
12.710,-0.5351,1.3422,0.3528,-0.9100
12.720,-0.4993,1.3704,0.3696,-0.4885
12.730,-0.4633,1.3986,0.3864,-0.7480
12.740,-0.4272,1.4268,0.4032,-0.3406
12.750,-0.3911,1.4550,0.4200,0.8666
12.760,-0.3548,1.4832,0.4368,-0.5714
12.770,-0.3185,1.4886,0.4536,0.3705
12.780,-0.2821,1.4604,0.4704,-0.6356
12.790,-0.2457,1.4322,0.4872,-0.1368
12.800,-0.2092,1.4040,0.5040,0.0860
12.810,-0.1727,1.3758,0.5208,0.4617
12.820,-0.1361,1.3476,0.5376,-0.2750
12.830,-0.0995,1.3194,0.5544,-0.2700
12.840,-0.0628,1.2912,0.5712,-0.8757
12.850,-0.0262,1.2630,0.5880,0.3745
12.860,0.0105,1.2348,0.6048,0.1798
12.870,0.0471,1.2066,0.6216,0.5107
12.880,0.0838,1.1784,0.6384,0.1487
12.890,0.1204,1.1502,0.6552,-0.3806
12.900,0.1570,1.1220,0.6720,-0.6600
12.910,0.1935,1.0938,0.6888,0.9525
12.920,0.2301,1.0656,0.7056,0.9553
12.930,0.2665,1.0374,0.7224,-0.2537
12.940,0.3029,1.0092,0.7392,0.5908
12.950,0.3393,0.9810,0.7560,-0.7281
12.960,0.3756,0.9528,0.7728,0.6732
12.970,0.4118,0.9246,0.7896,0.6306
12.980,0.4479,0.8964,0.8064,0.5009
12.990,0.4839,0.8682,0.8232,-0.5930
13.000,0.5198,0.8400,0.8400,-0.7709
13.010,0.5556,0.8118,0.8568,-0.0506
13.020,0.5912,0.7836,0.8736,-0.3063
13.030,0.6268,0.7554,0.8904,0.2871
13.040,0.6622,0.7272,0.9072,-0.9599
13.050,0.6975,0.6990,0.9240,0.6275
13.060,0.7326,0.6708,0.9408,0.3384
13.070,0.7676,0.6426,0.9576,0.1511
13.080,0.8024,0.6144,0.9744,-0.6584
13.090,0.8370,0.5862,0.9912,-0.4642
13.100,0.8714,0.5580,-0.9920,0.9163
13.110,0.9057,0.5298,-0.9752,0.4462
13.120,0.9398,0.5016,-0.9584,0.0562
13.130,0.9736,0.4734,-0.9416,-0.7771
13.140,1.0073,0.4452,-0.9248,-0.5815
13.150,1.0407,0.4170,-0.9080,0.3375
13.160,1.0739,0.3888,-0.8912,0.6094
13.170,1.1069,0.3606,-0.8744,0.9614
13.180,1.1396,0.3324,-0.8576,0.6316
13.190,1.1721,0.3042,-0.8408,-0.6393
13.200,1.2044,0.2760,-0.8240,-0.4006
13.210,1.2364,0.2478,-0.8072,-0.1109
13.220,1.2681,0.2196,-0.7904,-0.3319
13.230,1.2995,0.1914,-0.7736,0.2485
13.240,1.3307,0.1632,-0.7568,-0.2735
13.250,1.3616,0.1350,-0.7400,-0.4718
13.260,1.3922,0.1068,-0.7232,0.3959
13.270,1.4225,0.0786,-0.7064,0.4616
13.280,1.4525,0.0504,-0.6896,0.8880
13.290,1.4821,0.0222,-0.6728,-0.5382
13.300,1.5115,-0.0060,-0.6560,-0.0741
13.310,1.5405,-0.0342,-0.6392,-0.5432
13.320,1.5692,-0.0624,-0.6224,0.8465
13.330,1.5976,-0.0906,-0.6056,0.4504
13.340,1.6256,-0.1188,-0.5888,0.8116
13.350,1.6533,-0.1470,-0.5720,-0.7779
13.360,1.6806,-0.1752,-0.5552,-0.6248
13.370,1.7075,-0.2034,-0.5384,-0.2310
13.380,1.7341,-0.2316,-0.5216,-0.8819
13.390,1.7603,-0.2598,-0.5048,0.1105
13.400,1.7862,-0.2880,-0.4880,0.2896
13.410,1.8116,-0.3162,-0.4712,0.0458
13.420,1.8367,-0.3444,-0.4544,-0.9837
13.430,1.8614,-0.3726,-0.4376,0.5050
13.440,1.8856,-0.4008,-0.4208,0.2688
13.450,1.9095,-0.4290,-0.4040,-0.6151
13.460,1.9329,-0.4572,-0.3872,-0.9409
13.470,1.9560,-0.4854,-0.3704,-0.6570
13.480,1.9786,-0.5136,-0.3536,-0.1251
13.490,2.0008,-0.5418,-0.3368,-0.9477
13.500,2.0225,-0.5700,-0.3200,-0.2046
13.510,2.0439,-0.5982,-0.3032,-0.9644
13.520,2.0648,-0.6264,-0.2864,0.6757
13.530,2.0852,-0.6546,-0.2696,-0.4911
13.540,2.1052,-0.6828,-0.2528,0.8777
13.550,2.1247,-0.7110,-0.2360,0.8084
13.560,2.1438,-0.7392,-0.2192,0.8770
13.570,2.1624,-0.7674,-0.2024,0.0692
13.580,2.1806,-0.7956,-0.1856,0.3209
13.590,2.1983,-0.8238,-0.1688,0.9993
13.600,2.2155,-0.8520,-0.1520,0.3712
13.610,2.2323,-0.8802,-0.1352,-0.0307
13.620,2.2485,-0.9084,-0.1184,-0.9328
13.630,2.2643,-0.9366,-0.1016,-0.6585
13.640,2.2796,-0.9648,-0.0848,0.6081
13.650,2.2944,-0.9930,-0.0680,-0.8764
13.660,2.3087,-1.0212,-0.0512,0.5142
13.670,2.3225,-1.0494,-0.0344,0.7643
13.680,2.3358,-1.0776,-0.0176,-0.8061
13.690,2.3486,-1.1058,-0.0008,-0.6476
13.700,2.3609,-1.1340,0.0160,-0.8383
13.710,2.3727,-1.1622,0.0328,0.7432
13.720,2.3840,-1.1904,0.0496,-0.3746
13.730,2.3948,-1.2186,0.0664,-0.6381
13.740,2.4051,-1.2468,0.0832,-0.9653
13.750,2.4148,-1.2750,0.1000,0.7292
13.760,2.4240,-1.3032,0.1168,-0.9350
13.770,2.4327,-1.3314,0.1336,-0.7435
13.780,2.4409,-1.3596,0.1504,-0.9631
13.790,2.4486,-1.3878,0.1672,0.6904
13.800,2.4557,-1.4160,0.1840,-0.4372
13.810,2.4623,-1.4442,0.2008,0.8663
13.820,2.4684,-1.4724,0.2176,0.8931
13.830,2.4739,-1.4994,0.2344,0.2954
13.840,2.4790,-1.4712,0.2512,0.6327
13.850,2.4834,-1.4430,0.2680,0.6703
13.860,2.4874,-1.4148,0.2848,-0.1647
13.870,2.4908,-1.3866,0.3016,0.7712
13.880,2.4937,-1.3584,0.3184,-0.4122
13.890,2.4960,-1.3302,0.3352,0.5960
13.900,2.4978,-1.3020,0.3520,0.6894
13.910,2.4991,-1.2738,0.3688,-0.0347
13.920,2.4998,-1.2456,0.3856,0.5421
13.930,2.5000,-1.2174,0.4024,0.4775
13.940,2.4996,-1.1892,0.4192,0.5179
13.950,2.4988,-1.1610,0.4360,-0.3548
13.960,2.4973,-1.1328,0.4528,-0.5159
13.970,2.4954,-1.1046,0.4696,0.4535
13.980,2.4929,-1.0764,0.4864,-0.5235
13.990,2.4899,-1.0482,0.5032,0.5645
14.000,2.4863,-1.0200,0.5200,-0.6705
14.010,2.4822,-0.9918,0.5368,0.0851
14.020,2.4776,-0.9636,0.5536,0.0390
14.030,2.4724,-0.9354,0.5704,-0.6714
14.040,2.4667,-0.9072,0.5872,-0.6419
14.050,2.4605,-0.8790,0.6040,-0.5236
14.060,2.4537,-0.8508,0.6208,-0.7518
14.070,2.4465,-0.8226,0.6376,-0.4102
14.080,2.4386,-0.7944,0.6544,-0.0581
14.090,2.4303,-0.7662,0.6712,0.1777
14.100,2.4215,-0.7380,0.6880,-0.8522
14.110,2.4121,-0.7098,0.7048,0.6043
14.120,2.4022,-0.6816,0.7216,-0.0290
14.130,2.3918,-0.6534,0.7384,0.1536
14.140,2.3809,-0.6252,0.7552,-0.9472
14.150,2.3694,-0.5970,0.7720,0.6814
14.160,2.3575,-0.5688,0.7888,0.8817
14.170,2.3450,-0.5406,0.8056,-0.4037
14.180,2.3321,-0.5124,0.8224,-0.1863
14.190,2.3186,-0.4842,0.8392,-0.4430
14.200,2.3047,-0.4560,0.8560,-0.3039
14.210,2.2902,-0.4278,0.8728,0.8666
14.220,2.2753,-0.3996,0.8896,0.7311
14.230,2.2598,-0.3714,0.9064,0.2211
14.240,2.2439,-0.3432,0.9232,-0.0240
14.250,2.2275,-0.3150,0.9400,0.3421
14.260,2.2106,-0.2868,0.9568,0.2772
14.270,2.1933,-0.2586,0.9736,-0.7666
14.280,2.1755,-0.2304,0.9904,0.1006
14.290,2.1572,-0.2022,-0.9928,0.4560
14.300,2.1384,-0.1740,-0.9760,0.2798
14.310,2.1192,-0.1458,-0.9592,-0.9455
14.320,2.0995,-0.1176,-0.9424,0.7714
14.330,2.0794,-0.0894,-0.9256,0.7055
14.340,2.0588,-0.0612,-0.9088,-0.2743
14.350,2.0378,-0.0330,-0.8920,0.4276
14.360,2.0164,-0.0048,-0.8752,0.1528
14.370,1.9945,0.0234,-0.8584,0.9130
14.380,1.9722,0.0516,-0.8416,0.8396
14.390,1.9494,0.0798,-0.8248,-0.6610
14.400,1.9263,0.1080,-0.8080,-0.4467
14.410,1.9027,0.1362,-0.7912,0.5200
14.420,1.8787,0.1644,-0.7744,0.5944
14.430,1.8544,0.1926,-0.7576,-0.4091
14.440,1.8296,0.2208,-0.7408,-0.9461
14.450,1.8044,0.2490,-0.7240,0.1957
14.460,1.7788,0.2772,-0.7072,-0.6910
14.470,1.7529,0.3054,-0.6904,0.5162
14.480,1.7266,0.3336,-0.6736,0.9904
14.490,1.6999,0.3618,-0.6568,0.5411
14.500,1.6728,0.3900,-0.6400,0.4917
14.510,1.6454,0.4182,-0.6232,-0.1328
14.520,1.6176,0.4464,-0.6064,-0.3048
14.530,1.5895,0.4746,-0.5896,-0.8296
14.540,1.5611,0.5028,-0.5728,0.5820
14.550,1.5323,0.5310,-0.5560,0.4096
14.560,1.5031,0.5592,-0.5392,0.4047
14.570,1.4737,0.5874,-0.5224,-0.0498
14.580,1.4439,0.6156,-0.5056,-0.2494
14.590,1.4139,0.6438,-0.4888,-0.7472
14.600,1.3835,0.6720,-0.4720,0.7401
14.610,1.3528,0.7002,-0.4552,0.6783
14.620,1.3218,0.7284,-0.4384,-0.5884
14.630,1.2906,0.7566,-0.4216,-0.5525
14.640,1.2591,0.7848,-0.4048,0.6654
14.650,1.2273,0.8130,-0.3880,-0.0165
14.660,1.1952,0.8412,-0.3712,0.6039
14.670,1.1629,0.8694,-0.3544,-0.1178
14.680,1.1303,0.8976,-0.3376,-0.6688
14.690,1.0975,0.9258,-0.3208,0.7267
14.700,1.0644,0.9540,-0.3040,-0.1019
14.710,1.0312,0.9822,-0.2872,0.0103
14.720,0.9977,1.0104,-0.2704,-0.2912
14.730,0.9640,1.0386,-0.2536,-0.3141
14.740,0.9300,1.0668,-0.2368,-0.0149
14.750,0.8959,1.0950,-0.2200,0.4376
14.760,0.8616,1.1232,-0.2032,0.4221
14.770,0.8271,1.1514,-0.1864,-0.1947
14.780,0.7924,1.1796,-0.1696,0.6024
14.790,0.7576,1.2078,-0.1528,0.9034
14.800,0.7226,1.2360,-0.1360,0.6827
14.810,0.6874,1.2642,-0.1192,-0.2100
14.820,0.6521,1.2924,-0.1024,-0.0454
14.830,0.6167,1.3206,-0.0856,-0.3155
14.840,0.5811,1.3488,-0.0688,0.7348
14.850,0.5454,1.3770,-0.0520,0.3280
14.860,0.5095,1.4052,-0.0352,-0.7156
14.870,0.4736,1.4334,-0.0184,0.9548
14.880,0.4376,1.4616,-0.0016,0.7161
14.890,0.4014,1.4898,0.0152,0.7199
14.900,0.3652,1.4820,0.0320,-0.2501
14.910,0.3289,1.4538,0.0488,-0.8685
14.920,0.2925,1.4256,0.0656,-0.6587
14.930,0.2561,1.3974,0.0824,0.1988
14.940,0.2196,1.3692,0.0992,-0.7342
14.950,0.1831,1.3410,0.1160,-0.2622
14.960,0.1465,1.3128,0.1328,0.3135
14.970,0.1099,1.2846,0.1496,0.7200
14.980,0.0733,1.2564,0.1664,-0.5381
14.990,0.0367,1.2282,0.1832,0.8157
15.000,0.0000,1.2000,0.2000,0.8710
15.010,-0.0367,1.1718,0.2168,0.5036
15.020,-0.0733,1.1436,0.2336,-0.5811
15.030,-0.1099,1.1154,0.2504,-0.5817
15.040,-0.1465,1.0872,0.2672,-0.6254
15.050,-0.1831,1.0590,0.2840,0.1093
15.060,-0.2196,1.0308,0.3008,-0.6650
15.070,-0.2561,1.0026,0.3176,0.2130
15.080,-0.2925,0.9744,0.3344,-0.6575
15.090,-0.3289,0.9462,0.3512,-0.6735
15.100,-0.3652,0.9180,0.3680,-0.2201
15.110,-0.4014,0.8898,0.3848,-0.2719
15.120,-0.4376,0.8616,0.4016,-0.1613
15.130,-0.4736,0.8334,0.4184,-0.3403
15.140,-0.5095,0.8052,0.4352,0.6938
15.150,-0.5454,0.7770,0.4520,0.2728
15.160,-0.5811,0.7488,0.4688,0.6208
15.170,-0.6167,0.7206,0.4856,-0.3089
15.180,-0.6521,0.6924,0.5024,0.7866
15.190,-0.6874,0.6642,0.5192,0.0621
15.200,-0.7226,0.6360,0.5360,0.9544
15.210,-0.7576,0.6078,0.5528,-0.8993
15.220,-0.7924,0.5796,0.5696,0.4932
15.230,-0.8271,0.5514,0.5864,0.5785
15.240,-0.8616,0.5232,0.6032,-0.5008
15.250,-0.8959,0.4950,0.6200,-0.3731
15.260,-0.9300,0.4668,0.6368,0.1423
15.270,-0.9640,0.4386,0.6536,0.7010
15.280,-0.9977,0.4104,0.6704,-0.8260
15.290,-1.0312,0.3822,0.6872,-0.2526
15.300,-1.0644,0.3540,0.7040,-0.5057
15.310,-1.0975,0.3258,0.7208,-0.3673
15.320,-1.1303,0.2976,0.7376,-0.5937
15.330,-1.1629,0.2694,0.7544,0.3611
15.340,-1.1952,0.2412,0.7712,-0.6962
15.350,-1.2273,0.2130,0.7880,-0.8410
15.360,-1.2591,0.1848,0.8048,0.6730
15.370,-1.2906,0.1566,0.8216,-0.7449
15.380,-1.3218,0.1284,0.8384,0.0652
15.390,-1.3528,0.1002,0.8552,0.2669
15.400,-1.3835,0.0720,0.8720,0.7382
15.410,-1.4139,0.0438,0.8888,0.6344
15.420,-1.4439,0.0156,0.9056,-0.4054
15.430,-1.4737,-0.0126,0.9224,-0.3434
15.440,-1.5031,-0.0408,0.9392,0.4948
15.450,-1.5323,-0.0690,0.9560,0.4981
15.460,-1.5611,-0.0972,0.9728,-0.3929
15.470,-1.5895,-0.1254,0.9896,0.1773
15.480,-1.6176,-0.1536,-0.9936,-0.1846
15.490,-1.6454,-0.1818,-0.9768,-0.8573
15.500,-1.6728,-0.2100,-0.9600,-0.0565
15.510,-1.6999,-0.2382,-0.9432,-0.2820
15.520,-1.7266,-0.2664,-0.9264,0.3200
15.530,-1.7529,-0.2946,-0.9096,0.5732
15.540,-1.7788,-0.3228,-0.8928,-0.3953
15.550,-1.8044,-0.3510,-0.8760,-0.4155
15.560,-1.8296,-0.3792,-0.8592,0.4650
15.570,-1.8544,-0.4074,-0.8424,-0.8963
15.580,-1.8787,-0.4356,-0.8256,0.2476
15.590,-1.9027,-0.4638,-0.8088,-0.1059
15.600,-1.9263,-0.4920,-0.7920,0.8613
15.610,-1.9494,-0.5202,-0.7752,-0.0709
15.620,-1.9722,-0.5484,-0.7584,0.3019
15.630,-1.9945,-0.5766,-0.7416,0.0189
15.640,-2.0164,-0.6048,-0.7248,0.2273
15.650,-2.0378,-0.6330,-0.7080,0.9480
15.660,-2.0588,-0.6612,-0.6912,0.3605
15.670,-2.0794,-0.6894,-0.6744,0.6096
15.680,-2.0995,-0.7176,-0.6576,0.8825
15.690,-2.1192,-0.7458,-0.6408,-0.3801
15.700,-2.1384,-0.7740,-0.6240,-0.9969
15.710,-2.1572,-0.8022,-0.6072,0.2304
15.720,-2.1755,-0.8304,-0.5904,-0.8115
15.730,-2.1933,-0.8586,-0.5736,-0.8644
15.740,-2.2106,-0.8868,-0.5568,0.7061
15.750,-2.2275,-0.9150,-0.5400,0.1363
15.760,-2.2439,-0.9432,-0.5232,0.8435
15.770,-2.2598,-0.9714,-0.5064,0.6843
15.780,-2.2753,-0.9996,-0.4896,-0.0016
15.790,-2.2902,-1.0278,-0.4728,-0.7756
15.800,-2.3047,-1.0560,-0.4560,-0.5630
15.810,-2.3186,-1.0842,-0.4392,-0.9027
15.820,-2.3321,-1.1124,-0.4224,0.5161
15.830,-2.3450,-1.1406,-0.4056,-0.3096
15.840,-2.3575,-1.1688,-0.3888,-0.8303
15.850,-2.3694,-1.1970,-0.3720,-0.3504
15.860,-2.3809,-1.2252,-0.3552,0.1148
15.870,-2.3918,-1.2534,-0.3384,0.4212
15.880,-2.4022,-1.2816,-0.3216,-0.8539
15.890,-2.4121,-1.3098,-0.3048,0.3013
15.900,-2.4215,-1.3380,-0.2880,-0.3059
15.910,-2.4303,-1.3662,-0.2712,-0.3449
15.920,-2.4386,-1.3944,-0.2544,-0.8538
15.930,-2.4465,-1.4226,-0.2376,0.1599
15.940,-2.4537,-1.4508,-0.2208,-0.1082
15.950,-2.4605,-1.4790,-0.2040,0.9413
15.960,-2.4667,-1.4928,-0.1872,-0.7194
15.970,-2.4724,-1.4646,-0.1704,-0.5558
15.980,-2.4776,-1.4364,-0.1536,0.3033
15.990,-2.4822,-1.4082,-0.1368,0.9285
16.000,-2.4863,-1.3800,-0.1200,0.4380
16.010,-2.4899,-1.3518,-0.1032,0.7311
16.020,-2.4929,-1.3236,-0.0864,0.3822
16.030,-2.4954,-1.2954,-0.0696,0.0159
16.040,-2.4973,-1.2672,-0.0528,0.9289
16.050,-2.4988,-1.2390,-0.0360,-0.2322
16.060,-2.4996,-1.2108,-0.0192,-0.3201
16.070,-2.5000,-1.1826,-0.0024,-0.6039
16.080,-2.4998,-1.1544,0.0144,-0.7662
16.090,-2.4991,-1.1262,0.0312,0.6288
16.100,-2.4978,-1.0980,0.0480,-0.4222
16.110,-2.4960,-1.0698,0.0648,0.5218
16.120,-2.4937,-1.0416,0.0816,-0.7398
16.130,-2.4908,-1.0134,0.0984,0.5004
16.140,-2.4874,-0.9852,0.1152,-0.8284
16.150,-2.4834,-0.9570,0.1320,-0.4717
16.160,-2.4790,-0.9288,0.1488,-0.9838
16.170,-2.4739,-0.9006,0.1656,-0.1271
16.180,-2.4684,-0.8724,0.1824,0.4604
16.190,-2.4623,-0.8442,0.1992,-0.3586
16.200,-2.4557,-0.8160,0.2160,0.1064
16.210,-2.4486,-0.7878,0.2328,0.4229
16.220,-2.4409,-0.7596,0.2496,0.5007
16.230,-2.4327,-0.7314,0.2664,-0.8965
16.240,-2.4240,-0.7032,0.2832,-0.0443
16.250,-2.4148,-0.6750,0.3000,-0.6341
16.260,-2.4051,-0.6468,0.3168,0.6774
16.270,-2.3948,-0.6186,0.3336,0.6483
16.280,-2.3840,-0.5904,0.3504,-0.8310
16.290,-2.3727,-0.5622,0.3672,-0.4392
16.300,-2.3609,-0.5340,0.3840,-0.2477
16.310,-2.3486,-0.5058,0.4008,-0.9445
16.320,-2.3358,-0.4776,0.4176,0.9305
16.330,-2.3225,-0.4494,0.4344,-0.8524
16.340,-2.3087,-0.4212,0.4512,-0.1574
16.350,-2.2944,-0.3930,0.4680,-0.1830
16.360,-2.2796,-0.3648,0.4848,-0.1485
16.370,-2.2643,-0.3366,0.5016,-1.0000
16.380,-2.2485,-0.3084,0.5184,0.9879
16.390,-2.2323,-0.2802,0.5352,0.4458
16.400,-2.2155,-0.2520,0.5520,0.1709
16.410,-2.1983,-0.2238,0.5688,0.7732
16.420,-2.1806,-0.1956,0.5856,0.4619
16.430,-2.1624,-0.1674,0.6024,0.4583
16.440,-2.1438,-0.1392,0.6192,-0.2840
16.450,-2.1247,-0.1110,0.6360,0.8287
16.460,-2.1052,-0.0828,0.6528,-0.5166
16.470,-2.0852,-0.0546,0.6696,0.5620
16.480,-2.0648,-0.0264,0.6864,0.5290
16.490,-2.0439,0.0018,0.7032,-0.1824
16.500,-2.0225,0.0300,0.7200,0.4846
16.510,-2.0008,0.0582,0.7368,0.0795
16.520,-1.9786,0.0864,0.7536,-0.4343
16.530,-1.9560,0.1146,0.7704,0.2033
16.540,-1.9329,0.1428,0.7872,0.5923
16.550,-1.9095,0.1710,0.8040,0.1400
16.560,-1.8856,0.1992,0.8208,-0.6269
16.570,-1.8614,0.2274,0.8376,0.5044
16.580,-1.8367,0.2556,0.8544,-0.5218
16.590,-1.8116,0.2838,0.8712,0.6694
16.600,-1.7862,0.3120,0.8880,-0.8486
16.610,-1.7603,0.3402,0.9048,-0.4597
16.620,-1.7341,0.3684,0.9216,0.2343
16.630,-1.7075,0.3966,0.9384,-0.2886
16.640,-1.6806,0.4248,0.9552,-0.8927
16.650,-1.6533,0.4530,0.9720,0.4595
16.660,-1.6256,0.4812,0.9888,0.4303
16.670,-1.5976,0.5094,-0.9944,0.1085
16.680,-1.5692,0.5376,-0.9776,-0.4959
16.690,-1.5405,0.5658,-0.9608,0.8325
16.700,-1.5115,0.5940,-0.9440,-0.9915
16.710,-1.4821,0.6222,-0.9272,-0.9231
16.720,-1.4525,0.6504,-0.9104,0.3160
16.730,-1.4225,0.6786,-0.8936,-0.4097
16.740,-1.3922,0.7068,-0.8768,-0.8266
16.750,-1.3616,0.7350,-0.8600,0.7042
16.760,-1.3307,0.7632,-0.8432,-0.1085
16.770,-1.2995,0.7914,-0.8264,0.0903
16.780,-1.2681,0.8196,-0.8096,-0.0687
16.790,-1.2364,0.8478,-0.7928,-0.0968
16.800,-1.2044,0.8760,-0.7760,-0.4667
16.810,-1.1721,0.9042,-0.7592,-0.9105
16.820,-1.1396,0.9324,-0.7424,-0.5636
16.830,-1.1069,0.9606,-0.7256,0.8510
16.840,-1.0739,0.9888,-0.7088,-0.5997
16.850,-1.0407,1.0170,-0.6920,-0.0918
16.860,-1.0073,1.0452,-0.6752,-0.1997
16.870,-0.9736,1.0734,-0.6584,-0.5537
16.880,-0.9398,1.1016,-0.6416,-0.3622
16.890,-0.9057,1.1298,-0.6248,0.5638
16.900,-0.8714,1.1580,-0.6080,-0.4799
16.910,-0.8370,1.1862,-0.5912,-0.1846
16.920,-0.8024,1.2144,-0.5744,-0.8567
16.930,-0.7676,1.2426,-0.5576,0.1564
16.940,-0.7326,1.2708,-0.5408,0.1821
16.950,-0.6975,1.2990,-0.5240,-0.6015
16.960,-0.6622,1.3272,-0.5072,0.8720
16.970,-0.6268,1.3554,-0.4904,-0.7119
16.980,-0.5912,1.3836,-0.4736,0.5977
16.990,-0.5556,1.4118,-0.4568,-0.3534
17.000,-0.5198,1.4400,-0.4400,-0.9087
17.010,-0.4839,1.4682,-0.4232,0.7967
17.020,-0.4479,1.4964,-0.4064,0.0259
17.030,-0.4118,1.4754,-0.3896,-0.1383
17.040,-0.3756,1.4472,-0.3728,0.4868
17.050,-0.3393,1.4190,-0.3560,-0.4156
17.060,-0.3029,1.3908,-0.3392,0.6412
17.070,-0.2665,1.3626,-0.3224,0.2109
17.080,-0.2301,1.3344,-0.3056,-0.4699
17.090,-0.1935,1.3062,-0.2888,0.8245
17.100,-0.1570,1.2780,-0.2720,-0.0987
17.110,-0.1204,1.2498,-0.2552,0.4446
17.120,-0.0838,1.2216,-0.2384,-0.9891
17.130,-0.0471,1.1934,-0.2216,0.3255
17.140,-0.0105,1.1652,-0.2048,-0.0284
17.150,0.0262,1.1370,-0.1880,-0.6475
17.160,0.0628,1.1088,-0.1712,-0.8574
17.170,0.0995,1.0806,-0.1544,-0.6651
17.180,0.1361,1.0524,-0.1376,-0.1377
17.190,0.1727,1.0242,-0.1208,0.4856
17.200,0.2092,0.9960,-0.1040,-0.8543
17.210,0.2457,0.9678,-0.0872,0.5639
17.220,0.2821,0.9396,-0.0704,0.4351
17.230,0.3185,0.9114,-0.0536,0.1784
17.240,0.3548,0.8832,-0.0368,-0.2840
17.250,0.3911,0.8550,-0.0200,0.7140
17.260,0.4272,0.8268,-0.0032,0.9349
17.270,0.4633,0.7986,0.0136,0.4002
17.280,0.4993,0.7704,0.0304,-0.7155
17.290,0.5351,0.7422,0.0472,-0.7139
17.300,0.5709,0.7140,0.0640,0.2035
17.310,0.6065,0.6858,0.0808,-0.5315
17.320,0.6420,0.6576,0.0976,-0.5265
17.330,0.6773,0.6294,0.1144,-0.0446
17.340,0.7125,0.6012,0.1312,0.2308
17.350,0.7476,0.5730,0.1480,0.1541
17.360,0.7825,0.5448,0.1648,-0.3428
17.370,0.8172,0.5166,0.1816,-0.7091
17.380,0.8518,0.4884,0.1984,0.2005
17.390,0.8861,0.4602,0.2152,-0.7891
17.400,0.9203,0.4320,0.2320,-0.9686
17.410,0.9543,0.4038,0.2488,0.1020
17.420,0.9881,0.3756,0.2656,-0.3144
17.430,1.0216,0.3474,0.2824,0.8603
17.440,1.0550,0.3192,0.2992,-0.9003
17.450,1.0881,0.2910,0.3160,-0.8062
17.460,1.1210,0.2628,0.3328,0.1518
17.470,1.1536,0.2346,0.3496,-0.7380
17.480,1.1860,0.2064,0.3664,-0.0185
17.490,1.2181,0.1782,0.3832,-0.1883
17.500,1.2500,0.1500,0.4000,0.4220
17.510,1.2816,0.1218,0.4168,-0.4977
17.520,1.3129,0.0936,0.4336,0.4487
17.530,1.3440,0.0654,0.4504,-0.4441
17.540,1.3747,0.0372,0.4672,0.2615
17.550,1.4052,0.0090,0.4840,-0.8684
17.560,1.4354,-0.0192,0.5008,0.0975
17.570,1.4652,-0.0474,0.5176,-0.9508
17.580,1.4948,-0.0756,0.5344,0.7379
17.590,1.5240,-0.1038,0.5512,0.7813
17.600,1.5529,-0.1320,0.5680,0.5607
17.610,1.5814,-0.1602,0.5848,-0.8628
17.620,1.6096,-0.1884,0.6016,0.5126
17.630,1.6375,-0.2166,0.6184,0.8929
17.640,1.6650,-0.2448,0.6352,-0.8323
17.650,1.6922,-0.2730,0.6520,0.9026
17.660,1.7190,-0.3012,0.6688,-0.2797
17.670,1.7454,-0.3294,0.6856,0.0891
17.680,1.7715,-0.3576,0.7024,0.9573
17.690,1.7971,-0.3858,0.7192,-0.7237
17.700,1.8224,-0.4140,0.7360,-0.4073
17.710,1.8473,-0.4422,0.7528,-0.7817
17.720,1.8718,-0.4704,0.7696,-0.5485
17.730,1.8959,-0.4986,0.7864,-0.4756
17.740,1.9196,-0.5268,0.8032,0.4828
17.750,1.9429,-0.5550,0.8200,-0.3943
17.760,1.9657,-0.5832,0.8368,-0.9061
17.770,1.9882,-0.6114,0.8536,0.3940
17.780,2.0102,-0.6396,0.8704,-0.5550
17.790,2.0317,-0.6678,0.8872,0.5388
17.800,2.0529,-0.6960,0.9040,0.7617
17.810,2.0736,-0.7242,0.9208,0.1981
17.820,2.0938,-0.7524,0.9376,-0.9705
17.830,2.1136,-0.7806,0.9544,-0.4779
17.840,2.1330,-0.8088,0.9712,0.2550
17.850,2.1519,-0.8370,0.9880,0.6218
17.860,2.1703,-0.8652,-0.9952,-0.5560
17.870,2.1882,-0.8934,-0.9784,-0.6705
17.880,2.2057,-0.9216,-0.9616,0.1717
17.890,2.2227,-0.9498,-0.9448,-0.4704
17.900,2.2393,-0.9780,-0.9280,0.7429
17.910,2.2553,-1.0062,-0.9112,0.3876
17.920,2.2709,-1.0344,-0.8944,0.0730
17.930,2.2860,-1.0626,-0.8776,0.5565
17.940,2.3006,-1.0908,-0.8608,0.1961
17.950,2.3147,-1.1190,-0.8440,-0.4803
17.960,2.3283,-1.1472,-0.8272,0.3468
17.970,2.3414,-1.1754,-0.8104,-0.2365
17.980,2.3540,-1.2036,-0.7936,0.4974
17.990,2.3661,-1.2318,-0.7768,0.5829
18.000,2.3776,-1.2600,-0.7600,-0.3265
18.010,2.3887,-1.2882,-0.7432,0.1387
18.020,2.3993,-1.3164,-0.7264,0.9657
18.030,2.4093,-1.3446,-0.7096,-0.9717
18.040,2.4188,-1.3728,-0.6928,0.5023
18.050,2.4278,-1.4010,-0.6760,-0.7751
18.060,2.4363,-1.4292,-0.6592,0.3975
18.070,2.4443,-1.4574,-0.6424,0.9173
18.080,2.4517,-1.4856,-0.6256,-0.5560
18.090,2.4586,-1.4862,-0.6088,-0.3434
18.100,2.4650,-1.4580,-0.5920,0.7256
18.110,2.4708,-1.4298,-0.5752,-0.5766
18.120,2.4762,-1.4016,-0.5584,-0.0153
18.130,2.4809,-1.3734,-0.5416,0.8851
18.140,2.4852,-1.3452,-0.5248,-0.8590
18.150,2.4889,-1.3170,-0.5080,0.3518
18.160,2.4921,-1.2888,-0.4912,-0.5708
18.170,2.4947,-1.2606,-0.4744,0.8753
18.180,2.4968,-1.2324,-0.4576,0.8334
18.190,2.4984,-1.2042,-0.4408,0.7080
18.200,2.4995,-1.1760,-0.4240,0.4788
18.210,2.5000,-1.1478,-0.4072,-0.9463
18.220,2.4999,-1.1196,-0.3904,-0.9924
18.230,2.4993,-1.0914,-0.3736,0.8464
18.240,2.4982,-1.0632,-0.3568,0.3500
18.250,2.4966,-1.0350,-0.3400,0.2904
18.260,2.4944,-1.0068,-0.3232,-0.6686
18.270,2.4917,-0.9786,-0.3064,-0.7700
18.280,2.4884,-0.9504,-0.2896,0.8404
18.290,2.4846,-0.9222,-0.2728,0.1947
18.300,2.4803,-0.8940,-0.2560,0.4715
18.310,2.4754,-0.8658,-0.2392,-0.6670
18.320,2.4700,-0.8376,-0.2224,-0.7516
18.330,2.4641,-0.8094,-0.2056,0.5070
18.340,2.4577,-0.7812,-0.1888,0.8732
18.350,2.4507,-0.7530,-0.1720,0.7171
18.360,2.4432,-0.7248,-0.1552,0.5525
18.370,2.4351,-0.6966,-0.1384,-0.1323
18.380,2.4266,-0.6684,-0.1216,0.4407
18.390,2.4175,-0.6402,-0.1048,0.8129
18.400,2.4079,-0.6120,-0.0880,-0.2434
18.410,2.3978,-0.5838,-0.0712,-0.2563
18.420,2.3872,-0.5556,-0.0544,0.2741
18.430,2.3760,-0.5274,-0.0376,0.4374
18.440,2.3644,-0.4992,-0.0208,-0.1923
18.450,2.3522,-0.4710,-0.0040,-0.2052
18.460,2.3395,-0.4428,0.0128,0.1192
18.470,2.3264,-0.4146,0.0296,0.5795
18.480,2.3127,-0.3864,0.0464,0.9920
18.490,2.2985,-0.3582,0.0632,-0.5389
18.500,2.2839,-0.3300,0.0800,-0.3133
18.510,2.2687,-0.3018,0.0968,0.4841
18.520,2.2531,-0.2736,0.1136,0.2156
18.530,2.2369,-0.2454,0.1304,-0.9484
18.540,2.2203,-0.2172,0.1472,0.4961
18.550,2.2033,-0.1890,0.1640,-0.4339
18.560,2.1857,-0.1608,0.1808,-0.9235
18.570,2.1677,-0.1326,0.1976,0.1165
18.580,2.1492,-0.1044,0.2144,-0.5978
18.590,2.1302,-0.0762,0.2312,0.1860
18.600,2.1108,-0.0480,0.2480,0.1339
18.610,2.0910,-0.0198,0.2648,-0.6162
18.620,2.0706,0.0084,0.2816,-0.5415
18.630,2.0499,0.0366,0.2984,0.8182
18.640,2.0287,0.0648,0.3152,-0.7191
18.650,2.0070,0.0930,0.3320,-0.9581
18.660,1.9850,0.1212,0.3488,0.2756
18.670,1.9625,0.1494,0.3656,-0.3575
18.680,1.9396,0.1776,0.3824,0.6265
18.690,1.9162,0.2058,0.3992,0.6485
18.700,1.8925,0.2340,0.4160,0.5297
18.710,1.8683,0.2622,0.4328,-0.9084
18.720,1.8438,0.2904,0.4496,0.7947
18.730,1.8188,0.3186,0.4664,0.4484
18.740,1.7935,0.3468,0.4832,-0.2229
18.750,1.7678,0.3750,0.5000,0.3839
18.760,1.7417,0.4032,0.5168,0.0447
18.770,1.7152,0.4314,0.5336,0.3806
18.780,1.6883,0.4596,0.5504,-0.7672
18.790,1.6611,0.4878,0.5672,-0.4253
18.800,1.6336,0.5160,0.5840,0.1205
18.810,1.6056,0.5442,0.6008,-0.4446
18.820,1.5774,0.5724,0.6176,-0.3327
18.830,1.5488,0.6006,0.6344,-0.8439
18.840,1.5198,0.6288,0.6512,-0.7654
18.850,1.4906,0.6570,0.6680,-0.5156
18.860,1.4610,0.6852,0.6848,-0.9211
18.870,1.4311,0.7134,0.7016,-0.2636
18.880,1.4009,0.7416,0.7184,-0.9065
18.890,1.3704,0.7698,0.7352,0.8436
18.900,1.3396,0.7980,0.7520,-0.7017
18.910,1.3085,0.8262,0.7688,0.8315
18.920,1.2771,0.8544,0.7856,-0.6307
18.930,1.2455,0.8826,0.8024,0.0499
18.940,1.2136,0.9108,0.8192,-0.8199
18.950,1.1814,0.9390,0.8360,0.2985
18.960,1.1489,0.9672,0.8528,-0.4739
18.970,1.1163,0.9954,0.8696,0.4348
18.980,1.0834,1.0236,0.8864,0.5393
18.990,1.0502,1.0518,0.9032,0.4435
19.000,1.0168,1.0800,0.9200,0.4053
19.010,0.9833,1.1082,0.9368,-0.7061
19.020,0.9494,1.1364,0.9536,-0.5121
19.030,0.9154,1.1646,0.9704,-0.6663
19.040,0.8812,1.1928,0.9872,0.4774
19.050,0.8468,1.2210,-0.9960,0.5954
19.060,0.8123,1.2492,-0.9792,0.3278
19.070,0.7775,1.2774,-0.9624,0.3470
19.080,0.7426,1.3056,-0.9456,0.1654
19.090,0.7075,1.3338,-0.9288,-0.3730
19.100,0.6723,1.3620,-0.9120,-0.3430
19.110,0.6369,1.3902,-0.8952,-0.5120
19.120,0.6014,1.4184,-0.8784,0.1478
19.130,0.5658,1.4466,-0.8616,0.3652
19.140,0.5300,1.4748,-0.8448,0.8448
19.150,0.4941,1.4970,-0.8280,0.5035
19.160,0.4582,1.4688,-0.8112,0.0450
19.170,0.4221,1.4406,-0.7944,0.8446
19.180,0.3859,1.4124,-0.7776,-0.4674
19.190,0.3497,1.3842,-0.7608,0.3282
19.200,0.3133,1.3560,-0.7440,0.3983
19.210,0.2769,1.3278,-0.7272,0.3117
19.220,0.2405,1.2996,-0.7104,-0.6841
19.230,0.2040,1.2714,-0.6936,-0.1088
19.240,0.1674,1.2432,-0.6768,-0.6555
19.250,0.1308,1.2150,-0.6600,0.4432
19.260,0.0942,1.1868,-0.6432,-0.7355
19.270,0.0576,1.1586,-0.6264,-0.1848
19.280,0.0209,1.1304,-0.6096,-0.1046
19.290,-0.0157,1.1022,-0.5928,-0.5913
19.300,-0.0524,1.0740,-0.5760,-0.5630
19.310,-0.0890,1.0458,-0.5592,-0.9599
19.320,-0.1256,1.0176,-0.5424,0.2262
19.330,-0.1622,0.9894,-0.5256,0.0622
19.340,-0.1988,0.9612,-0.5088,-0.9548
19.350,-0.2353,0.9330,-0.4920,0.9009
19.360,-0.2717,0.9048,-0.4752,-0.1198
19.370,-0.3081,0.8766,-0.4584,0.0401
19.380,-0.3445,0.8484,-0.4416,0.4254
19.390,-0.3807,0.8202,-0.4248,-0.3077
19.400,-0.4169,0.7920,-0.4080,-0.7037
19.410,-0.4530,0.7638,-0.3912,0.0500
19.420,-0.4890,0.7356,-0.3744,0.4728
19.430,-0.5249,0.7074,-0.3576,-0.7488
19.440,-0.5607,0.6792,-0.3408,0.5635
19.450,-0.5963,0.6510,-0.3240,-0.8708
19.460,-0.6319,0.6228,-0.3072,-0.3051
19.470,-0.6673,0.5946,-0.2904,-0.4128
19.480,-0.7025,0.5664,-0.2736,-0.1879
19.490,-0.7376,0.5382,-0.2568,0.1557
19.500,-0.7725,0.5100,-0.2400,-0.4601
19.510,-0.8073,0.4818,-0.2232,0.0938
19.520,-0.8419,0.4536,-0.2064,0.1446
19.530,-0.8763,0.4254,-0.1896,-0.6077
19.540,-0.9106,0.3972,-0.1728,-0.8427
19.550,-0.9446,0.3690,-0.1560,0.3713
19.560,-0.9784,0.3408,-0.1392,0.5140
19.570,-1.0121,0.3126,-0.1224,0.3451
19.580,-1.0455,0.2844,-0.1056,-0.7538
19.590,-1.0786,0.2562,-0.0888,0.1908
19.600,-1.1116,0.2280,-0.0720,0.4564
19.610,-1.1443,0.1998,-0.0552,0.7177
19.620,-1.1768,0.1716,-0.0384,-0.8523
19.630,-1.2090,0.1434,-0.0216,0.6338
19.640,-1.2409,0.1152,-0.0048,-0.9176
19.650,-1.2726,0.0870,0.0120,-0.2575
19.660,-1.3040,0.0588,0.0288,-0.1626
19.670,-1.3351,0.0306,0.0456,0.9358
19.680,-1.3660,0.0024,0.0624,-0.7651
19.690,-1.3965,-0.0258,0.0792,-0.3303
19.700,-1.4268,-0.0540,0.0960,-0.0246
19.710,-1.4567,-0.0822,0.1128,0.0665
19.720,-1.4864,-0.1104,0.1296,0.2196
19.730,-1.5157,-0.1386,0.1464,-0.3033
19.740,-1.5446,-0.1668,0.1632,0.6681
19.750,-1.5733,-0.1950,0.1800,0.5775
19.760,-1.6016,-0.2232,0.1968,-0.9867
19.770,-1.6296,-0.2514,0.2136,-0.8828
19.780,-1.6572,-0.2796,0.2304,-0.9001
19.790,-1.6845,-0.3078,0.2472,0.7491
19.800,-1.7114,-0.3360,0.2640,0.3573
19.810,-1.7379,-0.3642,0.2808,0.9728
19.820,-1.7641,-0.3924,0.2976,-0.3099
19.830,-1.7898,-0.4206,0.3144,-0.4333
19.840,-1.8152,-0.4488,0.3312,0.6421
19.850,-1.8402,-0.4770,0.3480,-0.0121
19.860,-1.8649,-0.5052,0.3648,-0.0687
19.870,-1.8891,-0.5334,0.3816,-0.4409
19.880,-1.9129,-0.5616,0.3984,0.9884
19.890,-1.9363,-0.5898,0.4152,-0.9314
19.900,-1.9592,-0.6180,0.4320,0.5659
19.910,-1.9818,-0.6462,0.4488,-0.9711
19.920,-2.0039,-0.6744,0.4656,-0.5670
19.930,-2.0256,-0.7026,0.4824,-0.8526
19.940,-2.0469,-0.7308,0.4992,0.2565
19.950,-2.0677,-0.7590,0.5160,-0.2928
19.960,-2.0881,-0.7872,0.5328,0.6236
19.970,-2.1080,-0.8154,0.5496,-0.3446
19.980,-2.1275,-0.8436,0.5664,-0.5931
19.990,-2.1465,-0.8718,0.5832,0.3627
20.000,-2.1651,-0.9000,0.6000,-0.0708
